alcaldia|cantidad|fecha
Álvaro Obregón|2|2020-01-01
Álvaro Obregón|4|2020-01-02
Álvaro Obregón|3|2020-01-03
Álvaro Obregón|2|2020-01-05
Álvaro Obregón|1|2020-01-06
Álvaro Obregón|1|2020-01-07
Álvaro Obregón|1|2020-01-08
Álvaro Obregón|1|2020-01-09
Álvaro Obregón|4|2020-01-10
Álvaro Obregón|2|2020-01-11
Álvaro Obregón|1|2020-01-12
Álvaro Obregón|2|2020-01-13
Álvaro Obregón|3|2020-01-14
Álvaro Obregón|2|2020-01-15
Álvaro Obregón|2|2020-01-18
Álvaro Obregón|1|2020-01-19
Álvaro Obregón|1|2020-01-20
Álvaro Obregón|4|2020-01-22
Álvaro Obregón|2|2020-01-23
Álvaro Obregón|3|2020-01-27
Álvaro Obregón|1|2020-01-28
Álvaro Obregón|3|2020-01-29
Álvaro Obregón|2|2020-01-31
Álvaro Obregón|2|2020-02-01
Álvaro Obregón|1|2020-02-02
Álvaro Obregón|2|2020-02-03
Álvaro Obregón|1|2020-02-04
Álvaro Obregón|2|2020-02-05
Álvaro Obregón|2|2020-02-07
Álvaro Obregón|4|2020-02-09
Álvaro Obregón|1|2020-02-10
Álvaro Obregón|3|2020-02-12
Álvaro Obregón|1|2020-02-13
Álvaro Obregón|1|2020-02-15
Álvaro Obregón|1|2020-02-16
Álvaro Obregón|2|2020-02-17
Álvaro Obregón|2|2020-02-19
Álvaro Obregón|1|2020-02-20
Álvaro Obregón|1|2020-02-22
Álvaro Obregón|1|2020-02-23
Álvaro Obregón|2|2020-02-24
Álvaro Obregón|2|2020-02-25
Álvaro Obregón|2|2020-02-27
Álvaro Obregón|3|2020-02-28
Álvaro Obregón|1|2020-03-01
Álvaro Obregón|1|2020-03-03
Álvaro Obregón|2|2020-03-04
Álvaro Obregón|3|2020-03-06
Álvaro Obregón|1|2020-03-07
Álvaro Obregón|1|2020-03-08
Álvaro Obregón|3|2020-03-09
Álvaro Obregón|2|2020-03-12
Álvaro Obregón|3|2020-03-13
Álvaro Obregón|1|2020-03-14
Álvaro Obregón|2|2020-03-17
Álvaro Obregón|1|2020-03-21
Álvaro Obregón|3|2020-03-24
Álvaro Obregón|1|2020-03-25
Álvaro Obregón|2|2020-03-26
Álvaro Obregón|1|2020-03-30
Álvaro Obregón|1|2020-04-01
Álvaro Obregón|2|2020-04-02
Álvaro Obregón|2|2020-04-03
Álvaro Obregón|1|2020-04-04
Álvaro Obregón|1|2020-04-05
Álvaro Obregón|1|2020-04-06
Álvaro Obregón|1|2020-04-12
Álvaro Obregón|1|2020-04-13
Álvaro Obregón|1|2020-04-14
Álvaro Obregón|2|2020-04-16
Álvaro Obregón|2|2020-04-17
Álvaro Obregón|1|2020-04-18
Álvaro Obregón|1|2020-04-19
Álvaro Obregón|1|2020-04-20
Álvaro Obregón|3|2020-04-21
Álvaro Obregón|1|2020-04-25
Álvaro Obregón|1|2020-04-26
Álvaro Obregón|1|2020-04-28
Álvaro Obregón|1|2020-04-30
Álvaro Obregón|2|2020-05-03
Álvaro Obregón|1|2020-05-05
Álvaro Obregón|1|2020-05-07
Álvaro Obregón|2|2020-05-09
Álvaro Obregón|1|2020-05-10
Álvaro Obregón|2|2020-05-14
Álvaro Obregón|2|2020-05-15
Álvaro Obregón|1|2020-05-18
Álvaro Obregón|1|2020-05-20
Álvaro Obregón|1|2020-05-24
Álvaro Obregón|1|2020-05-28
Álvaro Obregón|1|2020-06-02
Álvaro Obregón|3|2020-06-04
Álvaro Obregón|4|2020-06-05
Álvaro Obregón|2|2020-06-06
Álvaro Obregón|1|2020-06-07
Álvaro Obregón|3|2020-06-08
Álvaro Obregón|2|2020-06-10
Álvaro Obregón|1|2020-06-11
Álvaro Obregón|2|2020-06-12
Álvaro Obregón|1|2020-06-14
Álvaro Obregón|1|2020-06-15
Álvaro Obregón|1|2020-06-19
Álvaro Obregón|1|2020-06-23
Álvaro Obregón|1|2020-06-25
Álvaro Obregón|1|2020-06-26
Álvaro Obregón|1|2020-06-27
Álvaro Obregón|2|2020-06-30
Álvaro Obregón|1|2020-07-01
Álvaro Obregón|1|2020-07-03
Álvaro Obregón|1|2020-07-05
Álvaro Obregón|1|2020-07-06
Álvaro Obregón|2|2020-07-08
Álvaro Obregón|2|2020-07-12
Álvaro Obregón|1|2020-07-13
Álvaro Obregón|1|2020-07-14
Álvaro Obregón|3|2020-07-15
Álvaro Obregón|2|2020-07-16
Álvaro Obregón|1|2020-07-18
Álvaro Obregón|3|2020-07-19
Álvaro Obregón|1|2020-07-20
Álvaro Obregón|1|2020-07-22
Álvaro Obregón|1|2020-07-23
Álvaro Obregón|2|2020-07-24
Álvaro Obregón|1|2020-07-25
Álvaro Obregón|2|2020-07-27
Álvaro Obregón|2|2020-07-28
Álvaro Obregón|2|2020-07-29
Álvaro Obregón|1|2020-07-30
Álvaro Obregón|2|2020-07-31
Álvaro Obregón|3|2020-08-01
Álvaro Obregón|2|2020-08-03
Álvaro Obregón|2|2020-08-04
Álvaro Obregón|1|2020-08-05
Álvaro Obregón|2|2020-08-06
Álvaro Obregón|1|2020-08-07
Álvaro Obregón|1|2020-08-08
Álvaro Obregón|1|2020-08-09
Álvaro Obregón|1|2020-08-10
Álvaro Obregón|1|2020-08-14
Álvaro Obregón|1|2020-08-15
Álvaro Obregón|2|2020-08-16
Álvaro Obregón|2|2020-08-17
Álvaro Obregón|2|2020-08-18
Álvaro Obregón|1|2020-08-20
Álvaro Obregón|3|2020-08-21
Álvaro Obregón|2|2020-08-22
Álvaro Obregón|1|2020-08-23
Álvaro Obregón|2|2020-08-24
Álvaro Obregón|2|2020-08-26
Álvaro Obregón|1|2020-08-27
Álvaro Obregón|1|2020-08-29
Álvaro Obregón|3|2020-08-30
Álvaro Obregón|2|2020-09-01
Álvaro Obregón|1|2020-09-04
Álvaro Obregón|2|2020-09-05
Álvaro Obregón|1|2020-09-06
Álvaro Obregón|2|2020-09-07
Álvaro Obregón|3|2020-09-08
Álvaro Obregón|2|2020-09-11
Álvaro Obregón|1|2020-09-13
Álvaro Obregón|1|2020-09-14
Álvaro Obregón|1|2020-09-15
Álvaro Obregón|2|2020-09-16
Álvaro Obregón|1|2020-09-17
Álvaro Obregón|1|2020-09-20
Álvaro Obregón|2|2020-09-21
Álvaro Obregón|1|2020-09-22
Álvaro Obregón|1|2020-09-25
Álvaro Obregón|2|2020-09-26
Álvaro Obregón|1|2020-09-27
Álvaro Obregón|2|2020-09-29
Álvaro Obregón|1|2020-10-01
Álvaro Obregón|3|2020-10-03
Álvaro Obregón|2|2020-10-04
Álvaro Obregón|3|2020-10-05
Álvaro Obregón|6|2020-10-06
Álvaro Obregón|1|2020-10-08
Álvaro Obregón|3|2020-10-09
Álvaro Obregón|4|2020-10-10
Álvaro Obregón|2|2020-10-11
Álvaro Obregón|1|2020-10-12
Álvaro Obregón|1|2020-10-13
Álvaro Obregón|1|2020-10-14
Álvaro Obregón|1|2020-10-15
Álvaro Obregón|1|2020-10-16
Álvaro Obregón|1|2020-10-17
Álvaro Obregón|4|2020-10-18
Álvaro Obregón|1|2020-10-19
Álvaro Obregón|3|2020-10-21
Álvaro Obregón|2|2020-10-22
Álvaro Obregón|1|2020-10-24
Álvaro Obregón|1|2020-10-27
Álvaro Obregón|1|2020-10-28
Álvaro Obregón|2|2020-10-29
Álvaro Obregón|2|2020-10-30
Álvaro Obregón|2|2020-10-31
Álvaro Obregón|2|2020-11-01
Álvaro Obregón|2|2020-11-02
Álvaro Obregón|1|2020-11-04
Álvaro Obregón|2|2020-11-05
Álvaro Obregón|3|2020-11-06
Álvaro Obregón|3|2020-11-07
Álvaro Obregón|1|2020-11-08
Álvaro Obregón|1|2020-11-09
Álvaro Obregón|2|2020-11-11
Álvaro Obregón|2|2020-11-13
Álvaro Obregón|1|2020-11-14
Álvaro Obregón|2|2020-11-15
Álvaro Obregón|2|2020-11-16
Álvaro Obregón|2|2020-11-17
Álvaro Obregón|2|2020-11-18
Álvaro Obregón|3|2020-11-19
Álvaro Obregón|2|2020-11-20
Álvaro Obregón|2|2020-11-21
Álvaro Obregón|1|2020-11-24
Álvaro Obregón|3|2020-11-25
Álvaro Obregón|1|2020-11-27
Álvaro Obregón|2|2020-11-28
Álvaro Obregón|1|2020-11-29
Álvaro Obregón|2|2020-11-30
Álvaro Obregón|2|2020-12-05
Álvaro Obregón|1|2020-12-07
Álvaro Obregón|1|2020-12-08
Álvaro Obregón|2|2020-12-10
Álvaro Obregón|3|2020-12-11
Álvaro Obregón|1|2020-12-13
Álvaro Obregón|1|2020-12-15
Álvaro Obregón|1|2020-12-16
Álvaro Obregón|1|2020-12-18
Álvaro Obregón|3|2020-12-19
Álvaro Obregón|1|2020-12-21
Álvaro Obregón|1|2020-12-23
Álvaro Obregón|1|2020-12-24
Álvaro Obregón|1|2020-12-25
Álvaro Obregón|2|2020-12-26
Álvaro Obregón|2|2020-12-28
Álvaro Obregón|1|2020-12-29
Álvaro Obregón|1|2020-12-30
Álvaro Obregón|1|2020-12-31
Azcapotzalco|1|2020-01-01
Azcapotzalco|1|2020-01-02
Azcapotzalco|2|2020-01-03
Azcapotzalco|2|2020-01-04
Azcapotzalco|1|2020-01-05
Azcapotzalco|1|2020-01-06
Azcapotzalco|1|2020-01-09
Azcapotzalco|3|2020-01-10
Azcapotzalco|1|2020-01-12
Azcapotzalco|1|2020-01-13
Azcapotzalco|2|2020-01-16
Azcapotzalco|1|2020-01-17
Azcapotzalco|1|2020-01-19
Azcapotzalco|1|2020-01-20
Azcapotzalco|2|2020-01-21
Azcapotzalco|1|2020-01-23
Azcapotzalco|1|2020-01-24
Azcapotzalco|2|2020-01-25
Azcapotzalco|2|2020-01-26
Azcapotzalco|1|2020-01-27
Azcapotzalco|2|2020-01-29
Azcapotzalco|3|2020-02-01
Azcapotzalco|1|2020-02-02
Azcapotzalco|1|2020-02-03
Azcapotzalco|1|2020-02-05
Azcapotzalco|1|2020-02-08
Azcapotzalco|1|2020-02-09
Azcapotzalco|1|2020-02-10
Azcapotzalco|1|2020-02-11
Azcapotzalco|2|2020-02-12
Azcapotzalco|1|2020-02-13
Azcapotzalco|2|2020-02-16
Azcapotzalco|1|2020-02-18
Azcapotzalco|2|2020-02-19
Azcapotzalco|1|2020-02-20
Azcapotzalco|1|2020-02-21
Azcapotzalco|2|2020-02-23
Azcapotzalco|1|2020-02-25
Azcapotzalco|1|2020-02-26
Azcapotzalco|2|2020-02-27
Azcapotzalco|3|2020-02-28
Azcapotzalco|1|2020-02-29
Azcapotzalco|1|2020-03-02
Azcapotzalco|2|2020-03-03
Azcapotzalco|1|2020-03-04
Azcapotzalco|2|2020-03-06
Azcapotzalco|1|2020-03-07
Azcapotzalco|2|2020-03-08
Azcapotzalco|1|2020-03-09
Azcapotzalco|3|2020-03-10
Azcapotzalco|1|2020-03-11
Azcapotzalco|2|2020-03-13
Azcapotzalco|1|2020-03-14
Azcapotzalco|4|2020-03-15
Azcapotzalco|1|2020-03-16
Azcapotzalco|1|2020-03-17
Azcapotzalco|2|2020-03-20
Azcapotzalco|3|2020-03-22
Azcapotzalco|2|2020-03-23
Azcapotzalco|2|2020-03-24
Azcapotzalco|2|2020-03-27
Azcapotzalco|1|2020-03-28
Azcapotzalco|1|2020-03-30
Azcapotzalco|1|2020-04-01
Azcapotzalco|1|2020-04-03
Azcapotzalco|2|2020-04-04
Azcapotzalco|1|2020-04-06
Azcapotzalco|3|2020-04-07
Azcapotzalco|1|2020-04-08
Azcapotzalco|1|2020-04-09
Azcapotzalco|1|2020-04-10
Azcapotzalco|1|2020-04-11
Azcapotzalco|1|2020-04-18
Azcapotzalco|1|2020-04-20
Azcapotzalco|1|2020-04-21
Azcapotzalco|1|2020-04-25
Azcapotzalco|2|2020-04-26
Azcapotzalco|1|2020-04-30
Azcapotzalco|1|2020-05-02
Azcapotzalco|2|2020-05-11
Azcapotzalco|1|2020-05-16
Azcapotzalco|1|2020-05-19
Azcapotzalco|1|2020-05-20
Azcapotzalco|1|2020-05-22
Azcapotzalco|2|2020-05-24
Azcapotzalco|1|2020-05-25
Azcapotzalco|1|2020-05-28
Azcapotzalco|2|2020-05-31
Azcapotzalco|1|2020-06-06
Azcapotzalco|1|2020-06-09
Azcapotzalco|3|2020-06-12
Azcapotzalco|1|2020-06-15
Azcapotzalco|3|2020-06-17
Azcapotzalco|1|2020-06-19
Azcapotzalco|3|2020-06-20
Azcapotzalco|1|2020-06-24
Azcapotzalco|1|2020-06-30
Azcapotzalco|1|2020-07-01
Azcapotzalco|1|2020-07-03
Azcapotzalco|3|2020-07-05
Azcapotzalco|1|2020-07-06
Azcapotzalco|1|2020-07-11
Azcapotzalco|1|2020-07-13
Azcapotzalco|1|2020-07-14
Azcapotzalco|2|2020-07-16
Azcapotzalco|2|2020-07-17
Azcapotzalco|2|2020-07-18
Azcapotzalco|1|2020-07-22
Azcapotzalco|1|2020-07-24
Azcapotzalco|2|2020-07-25
Azcapotzalco|1|2020-07-27
Azcapotzalco|1|2020-07-28
Azcapotzalco|1|2020-07-30
Azcapotzalco|1|2020-08-01
Azcapotzalco|1|2020-08-05
Azcapotzalco|1|2020-08-06
Azcapotzalco|2|2020-08-08
Azcapotzalco|1|2020-08-12
Azcapotzalco|1|2020-08-13
Azcapotzalco|1|2020-08-19
Azcapotzalco|1|2020-08-26
Azcapotzalco|1|2020-08-27
Azcapotzalco|1|2020-08-29
Azcapotzalco|1|2020-09-01
Azcapotzalco|1|2020-09-02
Azcapotzalco|2|2020-09-03
Azcapotzalco|2|2020-09-04
Azcapotzalco|1|2020-09-06
Azcapotzalco|1|2020-09-07
Azcapotzalco|1|2020-09-09
Azcapotzalco|1|2020-09-12
Azcapotzalco|1|2020-09-15
Azcapotzalco|1|2020-09-16
Azcapotzalco|1|2020-09-17
Azcapotzalco|2|2020-09-20
Azcapotzalco|1|2020-09-21
Azcapotzalco|1|2020-09-22
Azcapotzalco|2|2020-09-23
Azcapotzalco|2|2020-09-25
Azcapotzalco|1|2020-09-26
Azcapotzalco|1|2020-09-29
Azcapotzalco|2|2020-10-02
Azcapotzalco|2|2020-10-03
Azcapotzalco|2|2020-10-05
Azcapotzalco|1|2020-10-06
Azcapotzalco|2|2020-10-07
Azcapotzalco|1|2020-10-09
Azcapotzalco|1|2020-10-12
Azcapotzalco|2|2020-10-13
Azcapotzalco|4|2020-10-14
Azcapotzalco|1|2020-10-15
Azcapotzalco|2|2020-10-16
Azcapotzalco|3|2020-10-17
Azcapotzalco|4|2020-10-18
Azcapotzalco|1|2020-10-19
Azcapotzalco|1|2020-10-22
Azcapotzalco|2|2020-10-26
Azcapotzalco|1|2020-10-28
Azcapotzalco|1|2020-10-30
Azcapotzalco|4|2020-10-31
Azcapotzalco|1|2020-11-03
Azcapotzalco|1|2020-11-04
Azcapotzalco|2|2020-11-05
Azcapotzalco|1|2020-11-06
Azcapotzalco|1|2020-11-07
Azcapotzalco|1|2020-11-08
Azcapotzalco|3|2020-11-09
Azcapotzalco|1|2020-11-10
Azcapotzalco|1|2020-11-12
Azcapotzalco|1|2020-11-13
Azcapotzalco|2|2020-11-14
Azcapotzalco|1|2020-11-18
Azcapotzalco|1|2020-11-19
Azcapotzalco|1|2020-11-21
Azcapotzalco|1|2020-11-22
Azcapotzalco|1|2020-11-26
Azcapotzalco|1|2020-11-28
Azcapotzalco|1|2020-12-01
Azcapotzalco|1|2020-12-02
Azcapotzalco|1|2020-12-03
Azcapotzalco|1|2020-12-04
Azcapotzalco|1|2020-12-07
Azcapotzalco|1|2020-12-08
Azcapotzalco|1|2020-12-09
Azcapotzalco|1|2020-12-10
Azcapotzalco|2|2020-12-12
Azcapotzalco|2|2020-12-15
Azcapotzalco|3|2020-12-16
Azcapotzalco|1|2020-12-17
Azcapotzalco|2|2020-12-19
Azcapotzalco|1|2020-12-21
Azcapotzalco|2|2020-12-22
Azcapotzalco|2|2020-12-24
Azcapotzalco|1|2020-12-27
Azcapotzalco|1|2020-12-28
Azcapotzalco|1|2020-12-29
Azcapotzalco|1|2020-12-30
Benito Juárez|1|2020-01-01
Benito Juárez|7|2020-01-02
Benito Juárez|1|2020-01-03
Benito Juárez|2|2020-01-05
Benito Juárez|2|2020-01-06
Benito Juárez|2|2020-01-07
Benito Juárez|3|2020-01-08
Benito Juárez|2|2020-01-09
Benito Juárez|3|2020-01-10
Benito Juárez|3|2020-01-11
Benito Juárez|2|2020-01-12
Benito Juárez|3|2020-01-13
Benito Juárez|1|2020-01-14
Benito Juárez|1|2020-01-15
Benito Juárez|1|2020-01-17
Benito Juárez|1|2020-01-18
Benito Juárez|1|2020-01-19
Benito Juárez|3|2020-01-20
Benito Juárez|1|2020-01-22
Benito Juárez|2|2020-01-23
Benito Juárez|2|2020-01-26
Benito Juárez|2|2020-01-27
Benito Juárez|2|2020-01-28
Benito Juárez|2|2020-01-29
Benito Juárez|2|2020-01-30
Benito Juárez|1|2020-01-31
Benito Juárez|3|2020-02-01
Benito Juárez|4|2020-02-02
Benito Juárez|2|2020-02-03
Benito Juárez|3|2020-02-04
Benito Juárez|1|2020-02-05
Benito Juárez|2|2020-02-06
Benito Juárez|4|2020-02-07
Benito Juárez|4|2020-02-08
Benito Juárez|2|2020-02-09
Benito Juárez|4|2020-02-10
Benito Juárez|1|2020-02-11
Benito Juárez|4|2020-02-12
Benito Juárez|2|2020-02-13
Benito Juárez|1|2020-02-14
Benito Juárez|7|2020-02-15
Benito Juárez|3|2020-02-17
Benito Juárez|1|2020-02-18
Benito Juárez|2|2020-02-19
Benito Juárez|3|2020-02-20
Benito Juárez|2|2020-02-22
Benito Juárez|1|2020-02-23
Benito Juárez|1|2020-02-24
Benito Juárez|5|2020-02-25
Benito Juárez|4|2020-02-26
Benito Juárez|4|2020-02-27
Benito Juárez|2|2020-02-28
Benito Juárez|2|2020-02-29
Benito Juárez|2|2020-03-01
Benito Juárez|2|2020-03-02
Benito Juárez|3|2020-03-03
Benito Juárez|2|2020-03-04
Benito Juárez|3|2020-03-05
Benito Juárez|6|2020-03-06
Benito Juárez|2|2020-03-07
Benito Juárez|3|2020-03-11
Benito Juárez|2|2020-03-12
Benito Juárez|2|2020-03-13
Benito Juárez|1|2020-03-14
Benito Juárez|1|2020-03-17
Benito Juárez|1|2020-03-18
Benito Juárez|1|2020-03-19
Benito Juárez|1|2020-03-20
Benito Juárez|2|2020-03-21
Benito Juárez|2|2020-03-22
Benito Juárez|2|2020-03-23
Benito Juárez|1|2020-03-24
Benito Juárez|1|2020-03-26
Benito Juárez|1|2020-03-27
Benito Juárez|2|2020-03-30
Benito Juárez|3|2020-04-01
Benito Juárez|1|2020-04-02
Benito Juárez|1|2020-04-04
Benito Juárez|1|2020-04-05
Benito Juárez|1|2020-04-09
Benito Juárez|2|2020-04-11
Benito Juárez|1|2020-04-12
Benito Juárez|1|2020-04-14
Benito Juárez|2|2020-04-15
Benito Juárez|1|2020-04-18
Benito Juárez|2|2020-04-20
Benito Juárez|3|2020-04-23
Benito Juárez|1|2020-04-24
Benito Juárez|1|2020-04-25
Benito Juárez|1|2020-04-28
Benito Juárez|3|2020-04-30
Benito Juárez|1|2020-05-01
Benito Juárez|1|2020-05-03
Benito Juárez|1|2020-05-06
Benito Juárez|1|2020-05-08
Benito Juárez|2|2020-05-10
Benito Juárez|2|2020-05-12
Benito Juárez|1|2020-05-17
Benito Juárez|1|2020-05-18
Benito Juárez|1|2020-05-19
Benito Juárez|2|2020-05-22
Benito Juárez|1|2020-05-23
Benito Juárez|2|2020-05-24
Benito Juárez|1|2020-05-27
Benito Juárez|1|2020-06-05
Benito Juárez|1|2020-06-07
Benito Juárez|1|2020-06-10
Benito Juárez|2|2020-06-11
Benito Juárez|2|2020-06-14
Benito Juárez|1|2020-06-16
Benito Juárez|2|2020-06-17
Benito Juárez|1|2020-06-18
Benito Juárez|2|2020-06-19
Benito Juárez|3|2020-06-20
Benito Juárez|1|2020-06-21
Benito Juárez|1|2020-06-22
Benito Juárez|2|2020-06-23
Benito Juárez|3|2020-06-25
Benito Juárez|1|2020-06-26
Benito Juárez|1|2020-07-02
Benito Juárez|2|2020-07-03
Benito Juárez|1|2020-07-05
Benito Juárez|2|2020-07-06
Benito Juárez|1|2020-07-09
Benito Juárez|1|2020-07-10
Benito Juárez|1|2020-07-11
Benito Juárez|1|2020-07-13
Benito Juárez|2|2020-07-14
Benito Juárez|1|2020-07-15
Benito Juárez|3|2020-07-16
Benito Juárez|1|2020-07-17
Benito Juárez|2|2020-07-18
Benito Juárez|1|2020-07-19
Benito Juárez|1|2020-07-20
Benito Juárez|2|2020-07-22
Benito Juárez|2|2020-07-23
Benito Juárez|2|2020-07-24
Benito Juárez|2|2020-07-25
Benito Juárez|1|2020-07-26
Benito Juárez|2|2020-07-27
Benito Juárez|2|2020-07-28
Benito Juárez|1|2020-07-31
Benito Juárez|2|2020-08-02
Benito Juárez|1|2020-08-03
Benito Juárez|2|2020-08-05
Benito Juárez|1|2020-08-06
Benito Juárez|1|2020-08-08
Benito Juárez|2|2020-08-09
Benito Juárez|1|2020-08-11
Benito Juárez|2|2020-08-12
Benito Juárez|1|2020-08-13
Benito Juárez|1|2020-08-15
Benito Juárez|1|2020-08-17
Benito Juárez|3|2020-08-19
Benito Juárez|1|2020-08-20
Benito Juárez|1|2020-08-22
Benito Juárez|1|2020-08-24
Benito Juárez|2|2020-08-25
Benito Juárez|2|2020-08-26
Benito Juárez|1|2020-08-27
Benito Juárez|1|2020-08-28
Benito Juárez|1|2020-08-29
Benito Juárez|1|2020-08-31
Benito Juárez|6|2020-09-01
Benito Juárez|1|2020-09-03
Benito Juárez|1|2020-09-04
Benito Juárez|1|2020-09-05
Benito Juárez|4|2020-09-08
Benito Juárez|3|2020-09-10
Benito Juárez|1|2020-09-11
Benito Juárez|1|2020-09-12
Benito Juárez|3|2020-09-14
Benito Juárez|2|2020-09-15
Benito Juárez|2|2020-09-16
Benito Juárez|2|2020-09-17
Benito Juárez|3|2020-09-18
Benito Juárez|2|2020-09-19
Benito Juárez|2|2020-09-20
Benito Juárez|1|2020-09-21
Benito Juárez|1|2020-09-22
Benito Juárez|1|2020-09-25
Benito Juárez|1|2020-09-26
Benito Juárez|1|2020-09-27
Benito Juárez|1|2020-09-29
Benito Juárez|1|2020-09-30
Benito Juárez|1|2020-10-01
Benito Juárez|3|2020-10-02
Benito Juárez|1|2020-10-03
Benito Juárez|2|2020-10-07
Benito Juárez|1|2020-10-08
Benito Juárez|1|2020-10-09
Benito Juárez|1|2020-10-10
Benito Juárez|1|2020-10-11
Benito Juárez|1|2020-10-12
Benito Juárez|2|2020-10-13
Benito Juárez|3|2020-10-14
Benito Juárez|1|2020-10-15
Benito Juárez|1|2020-10-16
Benito Juárez|1|2020-10-17
Benito Juárez|2|2020-10-18
Benito Juárez|2|2020-10-19
Benito Juárez|2|2020-10-20
Benito Juárez|1|2020-10-21
Benito Juárez|1|2020-10-22
Benito Juárez|2|2020-10-24
Benito Juárez|2|2020-10-25
Benito Juárez|2|2020-10-26
Benito Juárez|1|2020-10-27
Benito Juárez|1|2020-10-28
Benito Juárez|1|2020-10-29
Benito Juárez|1|2020-10-30
Benito Juárez|1|2020-10-31
Benito Juárez|1|2020-11-01
Benito Juárez|1|2020-11-02
Benito Juárez|1|2020-11-04
Benito Juárez|2|2020-11-06
Benito Juárez|2|2020-11-10
Benito Juárez|3|2020-11-11
Benito Juárez|4|2020-11-13
Benito Juárez|2|2020-11-14
Benito Juárez|2|2020-11-17
Benito Juárez|2|2020-11-18
Benito Juárez|1|2020-11-19
Benito Juárez|1|2020-11-20
Benito Juárez|2|2020-11-23
Benito Juárez|1|2020-11-24
Benito Juárez|1|2020-11-28
Benito Juárez|2|2020-11-29
Benito Juárez|2|2020-12-02
Benito Juárez|3|2020-12-03
Benito Juárez|3|2020-12-04
Benito Juárez|2|2020-12-05
Benito Juárez|1|2020-12-06
Benito Juárez|1|2020-12-08
Benito Juárez|1|2020-12-10
Benito Juárez|1|2020-12-12
Benito Juárez|1|2020-12-13
Benito Juárez|1|2020-12-14
Benito Juárez|1|2020-12-15
Benito Juárez|3|2020-12-17
Benito Juárez|1|2020-12-18
Benito Juárez|1|2020-12-19
Benito Juárez|1|2020-12-23
Benito Juárez|1|2020-12-24
Benito Juárez|1|2020-12-26
Benito Juárez|1|2020-12-27
Benito Juárez|2|2020-12-28
Benito Juárez|1|2020-12-29
Benito Juárez|1|2020-12-30
Coyoacán|1|2020-01-01
Coyoacán|3|2020-01-03
Coyoacán|1|2020-01-05
Coyoacán|1|2020-01-06
Coyoacán|1|2020-01-07
Coyoacán|1|2020-01-08
Coyoacán|1|2020-01-09
Coyoacán|2|2020-01-10
Coyoacán|2|2020-01-12
Coyoacán|3|2020-01-13
Coyoacán|2|2020-01-14
Coyoacán|2|2020-01-15
Coyoacán|2|2020-01-16
Coyoacán|1|2020-01-17
Coyoacán|2|2020-01-18
Coyoacán|4|2020-01-20
Coyoacán|2|2020-01-21
Coyoacán|3|2020-01-22
Coyoacán|2|2020-01-23
Coyoacán|1|2020-01-24
Coyoacán|1|2020-01-25
Coyoacán|1|2020-01-26
Coyoacán|2|2020-01-28
Coyoacán|4|2020-01-29
Coyoacán|3|2020-01-30
Coyoacán|4|2020-01-31
Coyoacán|1|2020-02-01
Coyoacán|1|2020-02-03
Coyoacán|1|2020-02-05
Coyoacán|3|2020-02-09
Coyoacán|3|2020-02-10
Coyoacán|5|2020-02-11
Coyoacán|1|2020-02-12
Coyoacán|3|2020-02-13
Coyoacán|5|2020-02-14
Coyoacán|1|2020-02-16
Coyoacán|3|2020-02-17
Coyoacán|1|2020-02-18
Coyoacán|4|2020-02-19
Coyoacán|2|2020-02-20
Coyoacán|2|2020-02-22
Coyoacán|4|2020-02-23
Coyoacán|3|2020-02-24
Coyoacán|3|2020-02-25
Coyoacán|2|2020-02-26
Coyoacán|1|2020-02-27
Coyoacán|1|2020-02-28
Coyoacán|4|2020-02-29
Coyoacán|5|2020-03-03
Coyoacán|3|2020-03-04
Coyoacán|1|2020-03-05
Coyoacán|1|2020-03-06
Coyoacán|1|2020-03-07
Coyoacán|1|2020-03-10
Coyoacán|1|2020-03-11
Coyoacán|1|2020-03-13
Coyoacán|2|2020-03-14
Coyoacán|2|2020-03-15
Coyoacán|1|2020-03-16
Coyoacán|2|2020-03-17
Coyoacán|3|2020-03-18
Coyoacán|2|2020-03-19
Coyoacán|1|2020-03-21
Coyoacán|2|2020-03-25
Coyoacán|1|2020-03-26
Coyoacán|3|2020-03-27
Coyoacán|3|2020-03-28
Coyoacán|2|2020-04-01
Coyoacán|1|2020-04-04
Coyoacán|1|2020-04-11
Coyoacán|1|2020-04-15
Coyoacán|1|2020-04-19
Coyoacán|1|2020-04-24
Coyoacán|1|2020-04-25
Coyoacán|1|2020-05-05
Coyoacán|1|2020-05-08
Coyoacán|1|2020-05-09
Coyoacán|1|2020-05-11
Coyoacán|1|2020-05-14
Coyoacán|1|2020-05-16
Coyoacán|3|2020-05-17
Coyoacán|1|2020-05-22
Coyoacán|1|2020-05-24
Coyoacán|1|2020-05-25
Coyoacán|2|2020-05-27
Coyoacán|2|2020-06-03
Coyoacán|1|2020-06-04
Coyoacán|1|2020-06-06
Coyoacán|1|2020-06-09
Coyoacán|1|2020-06-10
Coyoacán|3|2020-06-13
Coyoacán|2|2020-06-14
Coyoacán|3|2020-06-15
Coyoacán|1|2020-06-17
Coyoacán|3|2020-06-19
Coyoacán|2|2020-06-20
Coyoacán|1|2020-06-24
Coyoacán|1|2020-06-29
Coyoacán|1|2020-07-05
Coyoacán|1|2020-07-06
Coyoacán|1|2020-07-07
Coyoacán|2|2020-07-09
Coyoacán|1|2020-07-10
Coyoacán|2|2020-07-13
Coyoacán|1|2020-07-14
Coyoacán|1|2020-07-15
Coyoacán|1|2020-07-16
Coyoacán|1|2020-07-18
Coyoacán|1|2020-07-19
Coyoacán|1|2020-07-20
Coyoacán|1|2020-07-22
Coyoacán|2|2020-07-24
Coyoacán|1|2020-07-27
Coyoacán|1|2020-07-28
Coyoacán|1|2020-07-30
Coyoacán|1|2020-08-01
Coyoacán|1|2020-08-02
Coyoacán|3|2020-08-05
Coyoacán|1|2020-08-07
Coyoacán|1|2020-08-09
Coyoacán|3|2020-08-15
Coyoacán|1|2020-08-16
Coyoacán|3|2020-08-17
Coyoacán|1|2020-08-18
Coyoacán|3|2020-08-19
Coyoacán|1|2020-08-21
Coyoacán|1|2020-08-22
Coyoacán|1|2020-08-23
Coyoacán|2|2020-08-26
Coyoacán|1|2020-08-27
Coyoacán|1|2020-08-28
Coyoacán|4|2020-08-29
Coyoacán|1|2020-08-30
Coyoacán|1|2020-09-01
Coyoacán|1|2020-09-02
Coyoacán|3|2020-09-03
Coyoacán|1|2020-09-08
Coyoacán|2|2020-09-09
Coyoacán|2|2020-09-12
Coyoacán|3|2020-09-13
Coyoacán|1|2020-09-14
Coyoacán|1|2020-09-15
Coyoacán|1|2020-09-16
Coyoacán|1|2020-09-17
Coyoacán|1|2020-09-18
Coyoacán|2|2020-09-19
Coyoacán|2|2020-09-20
Coyoacán|1|2020-09-21
Coyoacán|1|2020-09-22
Coyoacán|2|2020-09-24
Coyoacán|2|2020-09-25
Coyoacán|2|2020-09-27
Coyoacán|2|2020-09-28
Coyoacán|2|2020-09-29
Coyoacán|2|2020-09-30
Coyoacán|1|2020-10-01
Coyoacán|1|2020-10-02
Coyoacán|1|2020-10-04
Coyoacán|2|2020-10-07
Coyoacán|3|2020-10-09
Coyoacán|1|2020-10-10
Coyoacán|3|2020-10-11
Coyoacán|1|2020-10-12
Coyoacán|1|2020-10-13
Coyoacán|2|2020-10-14
Coyoacán|2|2020-10-15
Coyoacán|3|2020-10-16
Coyoacán|1|2020-10-17
Coyoacán|2|2020-10-18
Coyoacán|2|2020-10-19
Coyoacán|3|2020-10-20
Coyoacán|1|2020-10-23
Coyoacán|1|2020-10-30
Coyoacán|2|2020-10-31
Coyoacán|2|2020-11-01
Coyoacán|1|2020-11-04
Coyoacán|4|2020-11-05
Coyoacán|1|2020-11-06
Coyoacán|1|2020-11-07
Coyoacán|1|2020-11-09
Coyoacán|1|2020-11-11
Coyoacán|1|2020-11-12
Coyoacán|1|2020-11-13
Coyoacán|3|2020-11-14
Coyoacán|1|2020-11-16
Coyoacán|1|2020-11-19
Coyoacán|1|2020-11-20
Coyoacán|1|2020-11-21
Coyoacán|2|2020-11-25
Coyoacán|2|2020-11-28
Coyoacán|2|2020-12-01
Coyoacán|1|2020-12-02
Coyoacán|1|2020-12-03
Coyoacán|1|2020-12-04
Coyoacán|2|2020-12-05
Coyoacán|1|2020-12-10
Coyoacán|1|2020-12-11
Coyoacán|1|2020-12-14
Coyoacán|1|2020-12-15
Coyoacán|2|2020-12-16
Coyoacán|1|2020-12-18
Coyoacán|2|2020-12-19
Coyoacán|1|2020-12-24
Coyoacán|1|2020-12-25
Coyoacán|1|2020-12-26
Coyoacán|1|2020-12-29
Coyoacán|1|2020-12-30
Cuajimalpa de Morelos|1|2020-01-03
Cuajimalpa de Morelos|1|2020-01-05
Cuajimalpa de Morelos|1|2020-01-06
Cuajimalpa de Morelos|1|2020-01-12
Cuajimalpa de Morelos|1|2020-01-13
Cuajimalpa de Morelos|2|2020-01-14
Cuajimalpa de Morelos|3|2020-01-15
Cuajimalpa de Morelos|1|2020-01-17
Cuajimalpa de Morelos|2|2020-01-22
Cuajimalpa de Morelos|1|2020-01-28
Cuajimalpa de Morelos|1|2020-02-01
Cuajimalpa de Morelos|1|2020-02-04
Cuajimalpa de Morelos|1|2020-02-08
Cuajimalpa de Morelos|1|2020-02-09
Cuajimalpa de Morelos|2|2020-02-10
Cuajimalpa de Morelos|2|2020-02-11
Cuajimalpa de Morelos|1|2020-02-15
Cuajimalpa de Morelos|1|2020-02-16
Cuajimalpa de Morelos|1|2020-02-22
Cuajimalpa de Morelos|1|2020-02-24
Cuajimalpa de Morelos|1|2020-02-26
Cuajimalpa de Morelos|1|2020-03-02
Cuajimalpa de Morelos|1|2020-03-10
Cuajimalpa de Morelos|1|2020-03-13
Cuajimalpa de Morelos|2|2020-03-14
Cuajimalpa de Morelos|2|2020-03-15
Cuajimalpa de Morelos|1|2020-03-17
Cuajimalpa de Morelos|1|2020-03-18
Cuajimalpa de Morelos|1|2020-03-19
Cuajimalpa de Morelos|1|2020-03-26
Cuajimalpa de Morelos|1|2020-04-03
Cuajimalpa de Morelos|1|2020-04-11
Cuajimalpa de Morelos|1|2020-04-17
Cuajimalpa de Morelos|1|2020-04-24
Cuajimalpa de Morelos|1|2020-04-28
Cuajimalpa de Morelos|1|2020-05-07
Cuajimalpa de Morelos|1|2020-05-11
Cuajimalpa de Morelos|1|2020-05-15
Cuajimalpa de Morelos|1|2020-05-17
Cuajimalpa de Morelos|1|2020-05-28
Cuajimalpa de Morelos|1|2020-06-04
Cuajimalpa de Morelos|1|2020-06-07
Cuajimalpa de Morelos|1|2020-06-10
Cuajimalpa de Morelos|1|2020-06-15
Cuajimalpa de Morelos|1|2020-06-25
Cuajimalpa de Morelos|1|2020-07-05
Cuajimalpa de Morelos|3|2020-07-06
Cuajimalpa de Morelos|1|2020-07-16
Cuajimalpa de Morelos|1|2020-07-18
Cuajimalpa de Morelos|1|2020-07-23
Cuajimalpa de Morelos|2|2020-07-27
Cuajimalpa de Morelos|1|2020-08-12
Cuajimalpa de Morelos|1|2020-08-25
Cuajimalpa de Morelos|1|2020-08-29
Cuajimalpa de Morelos|1|2020-08-31
Cuajimalpa de Morelos|1|2020-09-03
Cuajimalpa de Morelos|1|2020-09-19
Cuajimalpa de Morelos|2|2020-10-01
Cuajimalpa de Morelos|1|2020-10-03
Cuajimalpa de Morelos|3|2020-10-14
Cuajimalpa de Morelos|1|2020-10-19
Cuajimalpa de Morelos|1|2020-10-21
Cuajimalpa de Morelos|1|2020-10-22
Cuajimalpa de Morelos|1|2020-10-23
Cuajimalpa de Morelos|1|2020-10-27
Cuajimalpa de Morelos|2|2020-10-30
Cuajimalpa de Morelos|1|2020-11-01
Cuajimalpa de Morelos|1|2020-11-15
Cuajimalpa de Morelos|1|2020-11-22
Cuajimalpa de Morelos|1|2020-11-25
Cuajimalpa de Morelos|1|2020-12-03
Cuajimalpa de Morelos|1|2020-12-05
Cuajimalpa de Morelos|1|2020-12-16
Cuajimalpa de Morelos|1|2020-12-19
Cuajimalpa de Morelos|1|2020-12-20
Cuauhtémoc|3|2020-01-01
Cuauhtémoc|1|2020-01-02
Cuauhtémoc|5|2020-01-03
Cuauhtémoc|3|2020-01-04
Cuauhtémoc|2|2020-01-05
Cuauhtémoc|1|2020-01-06
Cuauhtémoc|4|2020-01-07
Cuauhtémoc|4|2020-01-08
Cuauhtémoc|3|2020-01-09
Cuauhtémoc|4|2020-01-10
Cuauhtémoc|4|2020-01-11
Cuauhtémoc|2|2020-01-12
Cuauhtémoc|5|2020-01-13
Cuauhtémoc|4|2020-01-14
Cuauhtémoc|1|2020-01-15
Cuauhtémoc|2|2020-01-16
Cuauhtémoc|3|2020-01-17
Cuauhtémoc|2|2020-01-18
Cuauhtémoc|1|2020-01-19
Cuauhtémoc|2|2020-01-20
Cuauhtémoc|3|2020-01-21
Cuauhtémoc|3|2020-01-22
Cuauhtémoc|5|2020-01-23
Cuauhtémoc|4|2020-01-24
Cuauhtémoc|4|2020-01-25
Cuauhtémoc|3|2020-01-26
Cuauhtémoc|5|2020-01-27
Cuauhtémoc|3|2020-01-29
Cuauhtémoc|4|2020-01-30
Cuauhtémoc|5|2020-01-31
Cuauhtémoc|8|2020-02-01
Cuauhtémoc|2|2020-02-02
Cuauhtémoc|2|2020-02-03
Cuauhtémoc|5|2020-02-04
Cuauhtémoc|1|2020-02-05
Cuauhtémoc|7|2020-02-06
Cuauhtémoc|8|2020-02-07
Cuauhtémoc|3|2020-02-08
Cuauhtémoc|1|2020-02-09
Cuauhtémoc|5|2020-02-10
Cuauhtémoc|5|2020-02-11
Cuauhtémoc|3|2020-02-12
Cuauhtémoc|2|2020-02-13
Cuauhtémoc|7|2020-02-14
Cuauhtémoc|5|2020-02-15
Cuauhtémoc|2|2020-02-16
Cuauhtémoc|4|2020-02-17
Cuauhtémoc|3|2020-02-18
Cuauhtémoc|5|2020-02-19
Cuauhtémoc|2|2020-02-20
Cuauhtémoc|3|2020-02-21
Cuauhtémoc|6|2020-02-22
Cuauhtémoc|2|2020-02-23
Cuauhtémoc|5|2020-02-24
Cuauhtémoc|3|2020-02-25
Cuauhtémoc|5|2020-02-26
Cuauhtémoc|4|2020-02-27
Cuauhtémoc|4|2020-02-28
Cuauhtémoc|3|2020-02-29
Cuauhtémoc|4|2020-03-01
Cuauhtémoc|3|2020-03-02
Cuauhtémoc|4|2020-03-03
Cuauhtémoc|4|2020-03-04
Cuauhtémoc|1|2020-03-05
Cuauhtémoc|7|2020-03-06
Cuauhtémoc|5|2020-03-07
Cuauhtémoc|2|2020-03-08
Cuauhtémoc|1|2020-03-09
Cuauhtémoc|3|2020-03-10
Cuauhtémoc|7|2020-03-11
Cuauhtémoc|7|2020-03-12
Cuauhtémoc|6|2020-03-13
Cuauhtémoc|7|2020-03-14
Cuauhtémoc|5|2020-03-15
Cuauhtémoc|2|2020-03-16
Cuauhtémoc|4|2020-03-17
Cuauhtémoc|3|2020-03-18
Cuauhtémoc|3|2020-03-19
Cuauhtémoc|3|2020-03-20
Cuauhtémoc|7|2020-03-21
Cuauhtémoc|3|2020-03-22
Cuauhtémoc|5|2020-03-23
Cuauhtémoc|2|2020-03-24
Cuauhtémoc|3|2020-03-26
Cuauhtémoc|2|2020-03-27
Cuauhtémoc|1|2020-03-28
Cuauhtémoc|3|2020-03-30
Cuauhtémoc|2|2020-03-31
Cuauhtémoc|5|2020-04-01
Cuauhtémoc|2|2020-04-02
Cuauhtémoc|4|2020-04-03
Cuauhtémoc|2|2020-04-04
Cuauhtémoc|3|2020-04-05
Cuauhtémoc|1|2020-04-06
Cuauhtémoc|2|2020-04-07
Cuauhtémoc|1|2020-04-08
Cuauhtémoc|3|2020-04-09
Cuauhtémoc|1|2020-04-10
Cuauhtémoc|1|2020-04-11
Cuauhtémoc|1|2020-04-12
Cuauhtémoc|1|2020-04-13
Cuauhtémoc|2|2020-04-15
Cuauhtémoc|1|2020-04-16
Cuauhtémoc|2|2020-04-18
Cuauhtémoc|2|2020-04-19
Cuauhtémoc|3|2020-04-21
Cuauhtémoc|4|2020-04-22
Cuauhtémoc|2|2020-04-23
Cuauhtémoc|2|2020-04-24
Cuauhtémoc|4|2020-04-25
Cuauhtémoc|2|2020-04-26
Cuauhtémoc|2|2020-04-27
Cuauhtémoc|1|2020-04-28
Cuauhtémoc|1|2020-04-29
Cuauhtémoc|1|2020-05-01
Cuauhtémoc|1|2020-05-02
Cuauhtémoc|4|2020-05-03
Cuauhtémoc|1|2020-05-04
Cuauhtémoc|1|2020-05-07
Cuauhtémoc|1|2020-05-08
Cuauhtémoc|2|2020-05-09
Cuauhtémoc|1|2020-05-10
Cuauhtémoc|2|2020-05-11
Cuauhtémoc|1|2020-05-12
Cuauhtémoc|4|2020-05-13
Cuauhtémoc|1|2020-05-14
Cuauhtémoc|2|2020-05-15
Cuauhtémoc|3|2020-05-16
Cuauhtémoc|1|2020-05-17
Cuauhtémoc|2|2020-05-19
Cuauhtémoc|1|2020-05-20
Cuauhtémoc|1|2020-05-21
Cuauhtémoc|2|2020-05-22
Cuauhtémoc|1|2020-05-23
Cuauhtémoc|2|2020-05-24
Cuauhtémoc|4|2020-05-25
Cuauhtémoc|3|2020-05-26
Cuauhtémoc|1|2020-05-27
Cuauhtémoc|1|2020-05-29
Cuauhtémoc|3|2020-05-30
Cuauhtémoc|2|2020-05-31
Cuauhtémoc|2|2020-06-02
Cuauhtémoc|2|2020-06-03
Cuauhtémoc|2|2020-06-04
Cuauhtémoc|1|2020-06-07
Cuauhtémoc|3|2020-06-08
Cuauhtémoc|2|2020-06-09
Cuauhtémoc|4|2020-06-11
Cuauhtémoc|1|2020-06-14
Cuauhtémoc|2|2020-06-15
Cuauhtémoc|1|2020-06-16
Cuauhtémoc|2|2020-06-17
Cuauhtémoc|2|2020-06-18
Cuauhtémoc|3|2020-06-19
Cuauhtémoc|1|2020-06-20
Cuauhtémoc|3|2020-06-21
Cuauhtémoc|4|2020-06-22
Cuauhtémoc|1|2020-06-23
Cuauhtémoc|3|2020-06-24
Cuauhtémoc|6|2020-06-25
Cuauhtémoc|1|2020-06-26
Cuauhtémoc|1|2020-06-27
Cuauhtémoc|2|2020-06-28
Cuauhtémoc|1|2020-06-29
Cuauhtémoc|1|2020-06-30
Cuauhtémoc|1|2020-07-01
Cuauhtémoc|2|2020-07-02
Cuauhtémoc|5|2020-07-03
Cuauhtémoc|2|2020-07-04
Cuauhtémoc|2|2020-07-06
Cuauhtémoc|3|2020-07-08
Cuauhtémoc|3|2020-07-09
Cuauhtémoc|3|2020-07-10
Cuauhtémoc|2|2020-07-11
Cuauhtémoc|2|2020-07-12
Cuauhtémoc|2|2020-07-13
Cuauhtémoc|3|2020-07-14
Cuauhtémoc|2|2020-07-15
Cuauhtémoc|2|2020-07-17
Cuauhtémoc|7|2020-07-18
Cuauhtémoc|4|2020-07-19
Cuauhtémoc|3|2020-07-20
Cuauhtémoc|2|2020-07-21
Cuauhtémoc|2|2020-07-22
Cuauhtémoc|5|2020-07-23
Cuauhtémoc|2|2020-07-24
Cuauhtémoc|1|2020-07-25
Cuauhtémoc|2|2020-07-26
Cuauhtémoc|2|2020-07-27
Cuauhtémoc|4|2020-07-28
Cuauhtémoc|5|2020-07-29
Cuauhtémoc|4|2020-07-30
Cuauhtémoc|5|2020-07-31
Cuauhtémoc|2|2020-08-01
Cuauhtémoc|4|2020-08-02
Cuauhtémoc|1|2020-08-03
Cuauhtémoc|2|2020-08-04
Cuauhtémoc|1|2020-08-05
Cuauhtémoc|2|2020-08-06
Cuauhtémoc|2|2020-08-07
Cuauhtémoc|2|2020-08-08
Cuauhtémoc|1|2020-08-09
Cuauhtémoc|2|2020-08-10
Cuauhtémoc|1|2020-08-11
Cuauhtémoc|3|2020-08-12
Cuauhtémoc|2|2020-08-14
Cuauhtémoc|1|2020-08-15
Cuauhtémoc|4|2020-08-16
Cuauhtémoc|2|2020-08-17
Cuauhtémoc|4|2020-08-18
Cuauhtémoc|2|2020-08-19
Cuauhtémoc|2|2020-08-20
Cuauhtémoc|2|2020-08-21
Cuauhtémoc|2|2020-08-22
Cuauhtémoc|2|2020-08-23
Cuauhtémoc|2|2020-08-24
Cuauhtémoc|1|2020-08-25
Cuauhtémoc|3|2020-08-26
Cuauhtémoc|3|2020-08-27
Cuauhtémoc|3|2020-08-28
Cuauhtémoc|2|2020-08-29
Cuauhtémoc|2|2020-08-30
Cuauhtémoc|7|2020-08-31
Cuauhtémoc|5|2020-09-02
Cuauhtémoc|4|2020-09-03
Cuauhtémoc|2|2020-09-04
Cuauhtémoc|3|2020-09-05
Cuauhtémoc|5|2020-09-07
Cuauhtémoc|1|2020-09-09
Cuauhtémoc|4|2020-09-10
Cuauhtémoc|1|2020-09-11
Cuauhtémoc|3|2020-09-12
Cuauhtémoc|2|2020-09-13
Cuauhtémoc|1|2020-09-14
Cuauhtémoc|2|2020-09-15
Cuauhtémoc|6|2020-09-16
Cuauhtémoc|3|2020-09-17
Cuauhtémoc|6|2020-09-18
Cuauhtémoc|3|2020-09-19
Cuauhtémoc|2|2020-09-20
Cuauhtémoc|10|2020-09-21
Cuauhtémoc|6|2020-09-22
Cuauhtémoc|7|2020-09-23
Cuauhtémoc|4|2020-09-24
Cuauhtémoc|2|2020-09-25
Cuauhtémoc|1|2020-09-26
Cuauhtémoc|3|2020-09-27
Cuauhtémoc|9|2020-09-28
Cuauhtémoc|8|2020-09-29
Cuauhtémoc|3|2020-09-30
Cuauhtémoc|3|2020-10-01
Cuauhtémoc|3|2020-10-02
Cuauhtémoc|2|2020-10-03
Cuauhtémoc|2|2020-10-04
Cuauhtémoc|2|2020-10-05
Cuauhtémoc|1|2020-10-07
Cuauhtémoc|5|2020-10-08
Cuauhtémoc|3|2020-10-09
Cuauhtémoc|4|2020-10-10
Cuauhtémoc|3|2020-10-11
Cuauhtémoc|4|2020-10-12
Cuauhtémoc|6|2020-10-13
Cuauhtémoc|4|2020-10-15
Cuauhtémoc|3|2020-10-16
Cuauhtémoc|2|2020-10-17
Cuauhtémoc|1|2020-10-18
Cuauhtémoc|3|2020-10-19
Cuauhtémoc|6|2020-10-20
Cuauhtémoc|1|2020-10-21
Cuauhtémoc|5|2020-10-22
Cuauhtémoc|1|2020-10-23
Cuauhtémoc|5|2020-10-24
Cuauhtémoc|4|2020-10-25
Cuauhtémoc|3|2020-10-26
Cuauhtémoc|7|2020-10-27
Cuauhtémoc|2|2020-10-28
Cuauhtémoc|3|2020-10-29
Cuauhtémoc|3|2020-10-30
Cuauhtémoc|1|2020-10-31
Cuauhtémoc|1|2020-11-01
Cuauhtémoc|1|2020-11-02
Cuauhtémoc|4|2020-11-04
Cuauhtémoc|3|2020-11-05
Cuauhtémoc|4|2020-11-06
Cuauhtémoc|3|2020-11-07
Cuauhtémoc|3|2020-11-09
Cuauhtémoc|1|2020-11-10
Cuauhtémoc|2|2020-11-11
Cuauhtémoc|3|2020-11-12
Cuauhtémoc|4|2020-11-13
Cuauhtémoc|3|2020-11-14
Cuauhtémoc|4|2020-11-17
Cuauhtémoc|5|2020-11-18
Cuauhtémoc|5|2020-11-19
Cuauhtémoc|4|2020-11-20
Cuauhtémoc|2|2020-11-21
Cuauhtémoc|3|2020-11-22
Cuauhtémoc|1|2020-11-23
Cuauhtémoc|2|2020-11-24
Cuauhtémoc|3|2020-11-25
Cuauhtémoc|2|2020-11-26
Cuauhtémoc|3|2020-11-27
Cuauhtémoc|2|2020-11-28
Cuauhtémoc|1|2020-11-29
Cuauhtémoc|3|2020-11-30
Cuauhtémoc|5|2020-12-01
Cuauhtémoc|3|2020-12-02
Cuauhtémoc|3|2020-12-03
Cuauhtémoc|5|2020-12-04
Cuauhtémoc|2|2020-12-05
Cuauhtémoc|1|2020-12-06
Cuauhtémoc|4|2020-12-07
Cuauhtémoc|3|2020-12-08
Cuauhtémoc|3|2020-12-09
Cuauhtémoc|3|2020-12-10
Cuauhtémoc|5|2020-12-11
Cuauhtémoc|3|2020-12-12
Cuauhtémoc|5|2020-12-13
Cuauhtémoc|1|2020-12-14
Cuauhtémoc|1|2020-12-15
Cuauhtémoc|1|2020-12-16
Cuauhtémoc|3|2020-12-17
Cuauhtémoc|2|2020-12-18
Cuauhtémoc|3|2020-12-21
Cuauhtémoc|2|2020-12-22
Cuauhtémoc|1|2020-12-24
Cuauhtémoc|1|2020-12-25
Cuauhtémoc|1|2020-12-26
Cuauhtémoc|2|2020-12-27
Cuauhtémoc|2|2020-12-28
Cuauhtémoc|3|2020-12-30
Gustavo A. Madero|4|2020-01-01
Gustavo A. Madero|2|2020-01-02
Gustavo A. Madero|4|2020-01-03
Gustavo A. Madero|1|2020-01-06
Gustavo A. Madero|4|2020-01-07
Gustavo A. Madero|2|2020-01-09
Gustavo A. Madero|2|2020-01-10
Gustavo A. Madero|1|2020-01-11
Gustavo A. Madero|3|2020-01-12
Gustavo A. Madero|4|2020-01-13
Gustavo A. Madero|1|2020-01-14
Gustavo A. Madero|1|2020-01-15
Gustavo A. Madero|2|2020-01-16
Gustavo A. Madero|6|2020-01-17
Gustavo A. Madero|1|2020-01-18
Gustavo A. Madero|4|2020-01-20
Gustavo A. Madero|3|2020-01-21
Gustavo A. Madero|1|2020-01-22
Gustavo A. Madero|2|2020-01-24
Gustavo A. Madero|2|2020-01-25
Gustavo A. Madero|4|2020-01-26
Gustavo A. Madero|4|2020-01-27
Gustavo A. Madero|2|2020-01-28
Gustavo A. Madero|4|2020-01-29
Gustavo A. Madero|1|2020-01-30
Gustavo A. Madero|2|2020-01-31
Gustavo A. Madero|3|2020-02-01
Gustavo A. Madero|4|2020-02-02
Gustavo A. Madero|5|2020-02-03
Gustavo A. Madero|7|2020-02-04
Gustavo A. Madero|3|2020-02-05
Gustavo A. Madero|1|2020-02-06
Gustavo A. Madero|5|2020-02-07
Gustavo A. Madero|6|2020-02-09
Gustavo A. Madero|2|2020-02-10
Gustavo A. Madero|1|2020-02-11
Gustavo A. Madero|3|2020-02-12
Gustavo A. Madero|1|2020-02-13
Gustavo A. Madero|6|2020-02-14
Gustavo A. Madero|6|2020-02-15
Gustavo A. Madero|5|2020-02-16
Gustavo A. Madero|2|2020-02-17
Gustavo A. Madero|3|2020-02-18
Gustavo A. Madero|6|2020-02-19
Gustavo A. Madero|1|2020-02-20
Gustavo A. Madero|3|2020-02-21
Gustavo A. Madero|1|2020-02-22
Gustavo A. Madero|5|2020-02-23
Gustavo A. Madero|1|2020-02-24
Gustavo A. Madero|1|2020-02-25
Gustavo A. Madero|5|2020-02-27
Gustavo A. Madero|1|2020-02-28
Gustavo A. Madero|2|2020-02-29
Gustavo A. Madero|1|2020-03-01
Gustavo A. Madero|2|2020-03-02
Gustavo A. Madero|1|2020-03-03
Gustavo A. Madero|2|2020-03-04
Gustavo A. Madero|1|2020-03-05
Gustavo A. Madero|4|2020-03-07
Gustavo A. Madero|6|2020-03-08
Gustavo A. Madero|3|2020-03-09
Gustavo A. Madero|1|2020-03-10
Gustavo A. Madero|6|2020-03-11
Gustavo A. Madero|5|2020-03-12
Gustavo A. Madero|3|2020-03-13
Gustavo A. Madero|3|2020-03-14
Gustavo A. Madero|5|2020-03-15
Gustavo A. Madero|3|2020-03-16
Gustavo A. Madero|2|2020-03-17
Gustavo A. Madero|4|2020-03-18
Gustavo A. Madero|1|2020-03-19
Gustavo A. Madero|8|2020-03-20
Gustavo A. Madero|3|2020-03-21
Gustavo A. Madero|3|2020-03-22
Gustavo A. Madero|3|2020-03-23
Gustavo A. Madero|7|2020-03-24
Gustavo A. Madero|2|2020-03-26
Gustavo A. Madero|3|2020-03-27
Gustavo A. Madero|2|2020-03-29
Gustavo A. Madero|1|2020-03-30
Gustavo A. Madero|2|2020-03-31
Gustavo A. Madero|3|2020-04-01
Gustavo A. Madero|2|2020-04-02
Gustavo A. Madero|1|2020-04-04
Gustavo A. Madero|5|2020-04-05
Gustavo A. Madero|2|2020-04-06
Gustavo A. Madero|2|2020-04-07
Gustavo A. Madero|1|2020-04-08
Gustavo A. Madero|3|2020-04-09
Gustavo A. Madero|2|2020-04-10
Gustavo A. Madero|2|2020-04-13
Gustavo A. Madero|1|2020-04-14
Gustavo A. Madero|1|2020-04-15
Gustavo A. Madero|2|2020-04-16
Gustavo A. Madero|3|2020-04-17
Gustavo A. Madero|1|2020-04-18
Gustavo A. Madero|1|2020-04-19
Gustavo A. Madero|2|2020-04-20
Gustavo A. Madero|1|2020-04-21
Gustavo A. Madero|4|2020-04-22
Gustavo A. Madero|1|2020-04-23
Gustavo A. Madero|2|2020-04-24
Gustavo A. Madero|1|2020-04-27
Gustavo A. Madero|2|2020-04-28
Gustavo A. Madero|2|2020-04-29
Gustavo A. Madero|2|2020-04-30
Gustavo A. Madero|2|2020-05-02
Gustavo A. Madero|1|2020-05-03
Gustavo A. Madero|1|2020-05-04
Gustavo A. Madero|1|2020-05-05
Gustavo A. Madero|2|2020-05-06
Gustavo A. Madero|2|2020-05-07
Gustavo A. Madero|1|2020-05-08
Gustavo A. Madero|1|2020-05-09
Gustavo A. Madero|1|2020-05-11
Gustavo A. Madero|1|2020-05-12
Gustavo A. Madero|2|2020-05-13
Gustavo A. Madero|1|2020-05-14
Gustavo A. Madero|1|2020-05-15
Gustavo A. Madero|1|2020-05-20
Gustavo A. Madero|2|2020-05-21
Gustavo A. Madero|1|2020-05-22
Gustavo A. Madero|1|2020-05-25
Gustavo A. Madero|2|2020-05-26
Gustavo A. Madero|1|2020-05-29
Gustavo A. Madero|1|2020-05-30
Gustavo A. Madero|1|2020-05-31
Gustavo A. Madero|1|2020-06-01
Gustavo A. Madero|1|2020-06-03
Gustavo A. Madero|2|2020-06-05
Gustavo A. Madero|1|2020-06-06
Gustavo A. Madero|1|2020-06-07
Gustavo A. Madero|1|2020-06-09
Gustavo A. Madero|2|2020-06-12
Gustavo A. Madero|4|2020-06-13
Gustavo A. Madero|4|2020-06-14
Gustavo A. Madero|1|2020-06-15
Gustavo A. Madero|2|2020-06-16
Gustavo A. Madero|1|2020-06-18
Gustavo A. Madero|3|2020-06-20
Gustavo A. Madero|2|2020-06-21
Gustavo A. Madero|1|2020-06-22
Gustavo A. Madero|3|2020-06-23
Gustavo A. Madero|3|2020-06-24
Gustavo A. Madero|2|2020-06-26
Gustavo A. Madero|1|2020-06-28
Gustavo A. Madero|1|2020-06-29
Gustavo A. Madero|2|2020-07-01
Gustavo A. Madero|1|2020-07-07
Gustavo A. Madero|1|2020-07-08
Gustavo A. Madero|2|2020-07-10
Gustavo A. Madero|1|2020-07-11
Gustavo A. Madero|2|2020-07-14
Gustavo A. Madero|1|2020-07-16
Gustavo A. Madero|1|2020-07-17
Gustavo A. Madero|3|2020-07-18
Gustavo A. Madero|1|2020-07-20
Gustavo A. Madero|2|2020-07-21
Gustavo A. Madero|1|2020-07-22
Gustavo A. Madero|1|2020-07-24
Gustavo A. Madero|2|2020-07-25
Gustavo A. Madero|2|2020-07-26
Gustavo A. Madero|3|2020-07-27
Gustavo A. Madero|2|2020-07-28
Gustavo A. Madero|1|2020-07-29
Gustavo A. Madero|2|2020-07-30
Gustavo A. Madero|4|2020-07-31
Gustavo A. Madero|1|2020-08-01
Gustavo A. Madero|2|2020-08-03
Gustavo A. Madero|3|2020-08-04
Gustavo A. Madero|1|2020-08-05
Gustavo A. Madero|1|2020-08-06
Gustavo A. Madero|2|2020-08-07
Gustavo A. Madero|3|2020-08-09
Gustavo A. Madero|2|2020-08-10
Gustavo A. Madero|2|2020-08-11
Gustavo A. Madero|1|2020-08-14
Gustavo A. Madero|4|2020-08-15
Gustavo A. Madero|1|2020-08-16
Gustavo A. Madero|2|2020-08-18
Gustavo A. Madero|2|2020-08-19
Gustavo A. Madero|2|2020-08-20
Gustavo A. Madero|2|2020-08-22
Gustavo A. Madero|1|2020-08-23
Gustavo A. Madero|1|2020-08-24
Gustavo A. Madero|2|2020-08-31
Gustavo A. Madero|2|2020-09-01
Gustavo A. Madero|3|2020-09-02
Gustavo A. Madero|5|2020-09-03
Gustavo A. Madero|1|2020-09-04
Gustavo A. Madero|1|2020-09-05
Gustavo A. Madero|1|2020-09-06
Gustavo A. Madero|3|2020-09-07
Gustavo A. Madero|2|2020-09-08
Gustavo A. Madero|3|2020-09-09
Gustavo A. Madero|1|2020-09-10
Gustavo A. Madero|1|2020-09-12
Gustavo A. Madero|1|2020-09-13
Gustavo A. Madero|1|2020-09-14
Gustavo A. Madero|1|2020-09-15
Gustavo A. Madero|2|2020-09-16
Gustavo A. Madero|1|2020-09-18
Gustavo A. Madero|3|2020-09-19
Gustavo A. Madero|2|2020-09-20
Gustavo A. Madero|1|2020-09-21
Gustavo A. Madero|3|2020-09-22
Gustavo A. Madero|2|2020-09-23
Gustavo A. Madero|1|2020-09-25
Gustavo A. Madero|1|2020-09-26
Gustavo A. Madero|1|2020-09-27
Gustavo A. Madero|3|2020-09-28
Gustavo A. Madero|1|2020-09-29
Gustavo A. Madero|4|2020-09-30
Gustavo A. Madero|1|2020-10-01
Gustavo A. Madero|2|2020-10-02
Gustavo A. Madero|1|2020-10-03
Gustavo A. Madero|3|2020-10-05
Gustavo A. Madero|1|2020-10-06
Gustavo A. Madero|2|2020-10-08
Gustavo A. Madero|2|2020-10-09
Gustavo A. Madero|2|2020-10-10
Gustavo A. Madero|1|2020-10-11
Gustavo A. Madero|1|2020-10-12
Gustavo A. Madero|1|2020-10-14
Gustavo A. Madero|2|2020-10-16
Gustavo A. Madero|2|2020-10-17
Gustavo A. Madero|3|2020-10-18
Gustavo A. Madero|1|2020-10-19
Gustavo A. Madero|1|2020-10-20
Gustavo A. Madero|2|2020-10-22
Gustavo A. Madero|1|2020-10-25
Gustavo A. Madero|1|2020-10-26
Gustavo A. Madero|1|2020-10-27
Gustavo A. Madero|3|2020-10-28
Gustavo A. Madero|1|2020-10-29
Gustavo A. Madero|4|2020-10-30
Gustavo A. Madero|1|2020-11-01
Gustavo A. Madero|1|2020-11-02
Gustavo A. Madero|1|2020-11-03
Gustavo A. Madero|3|2020-11-04
Gustavo A. Madero|2|2020-11-05
Gustavo A. Madero|1|2020-11-06
Gustavo A. Madero|2|2020-11-07
Gustavo A. Madero|4|2020-11-08
Gustavo A. Madero|2|2020-11-09
Gustavo A. Madero|1|2020-11-10
Gustavo A. Madero|3|2020-11-11
Gustavo A. Madero|1|2020-11-13
Gustavo A. Madero|4|2020-11-14
Gustavo A. Madero|1|2020-11-16
Gustavo A. Madero|2|2020-11-18
Gustavo A. Madero|1|2020-11-21
Gustavo A. Madero|1|2020-11-22
Gustavo A. Madero|2|2020-11-25
Gustavo A. Madero|2|2020-11-26
Gustavo A. Madero|3|2020-11-27
Gustavo A. Madero|1|2020-11-28
Gustavo A. Madero|2|2020-11-29
Gustavo A. Madero|2|2020-11-30
Gustavo A. Madero|3|2020-12-01
Gustavo A. Madero|2|2020-12-02
Gustavo A. Madero|5|2020-12-03
Gustavo A. Madero|2|2020-12-04
Gustavo A. Madero|2|2020-12-05
Gustavo A. Madero|2|2020-12-06
Gustavo A. Madero|1|2020-12-07
Gustavo A. Madero|1|2020-12-10
Gustavo A. Madero|3|2020-12-11
Gustavo A. Madero|1|2020-12-13
Gustavo A. Madero|2|2020-12-14
Gustavo A. Madero|1|2020-12-16
Gustavo A. Madero|3|2020-12-17
Gustavo A. Madero|1|2020-12-19
Gustavo A. Madero|1|2020-12-20
Gustavo A. Madero|4|2020-12-21
Gustavo A. Madero|1|2020-12-22
Gustavo A. Madero|1|2020-12-23
Gustavo A. Madero|2|2020-12-24
Gustavo A. Madero|1|2020-12-25
Gustavo A. Madero|1|2020-12-26
Gustavo A. Madero|2|2020-12-28
Gustavo A. Madero|1|2020-12-29
Gustavo A. Madero|1|2020-12-30
Gustavo A. Madero|1|2020-12-31
Iztacalco|1|2020-01-01
Iztacalco|2|2020-01-02
Iztacalco|2|2020-01-04
Iztacalco|1|2020-01-06
Iztacalco|3|2020-01-07
Iztacalco|2|2020-01-08
Iztacalco|3|2020-01-09
Iztacalco|1|2020-01-10
Iztacalco|1|2020-01-11
Iztacalco|1|2020-01-12
Iztacalco|2|2020-01-14
Iztacalco|1|2020-01-17
Iztacalco|1|2020-01-18
Iztacalco|4|2020-01-19
Iztacalco|1|2020-01-21
Iztacalco|1|2020-01-22
Iztacalco|2|2020-01-23
Iztacalco|3|2020-01-24
Iztacalco|1|2020-01-25
Iztacalco|2|2020-01-27
Iztacalco|3|2020-01-28
Iztacalco|1|2020-01-29
Iztacalco|2|2020-01-30
Iztacalco|1|2020-01-31
Iztacalco|2|2020-02-03
Iztacalco|2|2020-02-05
Iztacalco|2|2020-02-06
Iztacalco|2|2020-02-08
Iztacalco|2|2020-02-09
Iztacalco|3|2020-02-10
Iztacalco|1|2020-02-11
Iztacalco|1|2020-02-13
Iztacalco|6|2020-02-14
Iztacalco|1|2020-02-16
Iztacalco|1|2020-02-17
Iztacalco|2|2020-02-19
Iztacalco|1|2020-02-20
Iztacalco|2|2020-02-21
Iztacalco|2|2020-02-22
Iztacalco|2|2020-02-23
Iztacalco|2|2020-02-24
Iztacalco|1|2020-02-25
Iztacalco|2|2020-02-27
Iztacalco|2|2020-02-29
Iztacalco|2|2020-03-01
Iztacalco|1|2020-03-02
Iztacalco|3|2020-03-03
Iztacalco|2|2020-03-04
Iztacalco|1|2020-03-06
Iztacalco|2|2020-03-08
Iztacalco|1|2020-03-09
Iztacalco|2|2020-03-10
Iztacalco|1|2020-03-12
Iztacalco|1|2020-03-13
Iztacalco|1|2020-03-16
Iztacalco|1|2020-03-17
Iztacalco|2|2020-03-20
Iztacalco|2|2020-03-23
Iztacalco|1|2020-03-26
Iztacalco|2|2020-03-27
Iztacalco|1|2020-03-28
Iztacalco|1|2020-03-29
Iztacalco|1|2020-04-03
Iztacalco|1|2020-04-08
Iztacalco|2|2020-04-11
Iztacalco|2|2020-04-15
Iztacalco|1|2020-04-20
Iztacalco|1|2020-04-26
Iztacalco|1|2020-04-28
Iztacalco|1|2020-05-03
Iztacalco|2|2020-05-08
Iztacalco|3|2020-05-09
Iztacalco|1|2020-05-10
Iztacalco|1|2020-05-11
Iztacalco|2|2020-05-12
Iztacalco|1|2020-05-14
Iztacalco|2|2020-05-15
Iztacalco|1|2020-05-16
Iztacalco|1|2020-05-19
Iztacalco|2|2020-05-22
Iztacalco|1|2020-05-25
Iztacalco|1|2020-05-27
Iztacalco|1|2020-05-28
Iztacalco|3|2020-05-29
Iztacalco|1|2020-05-30
Iztacalco|1|2020-06-01
Iztacalco|2|2020-06-02
Iztacalco|1|2020-06-05
Iztacalco|1|2020-06-07
Iztacalco|1|2020-06-08
Iztacalco|2|2020-06-13
Iztacalco|1|2020-06-16
Iztacalco|1|2020-06-17
Iztacalco|1|2020-06-18
Iztacalco|2|2020-06-19
Iztacalco|1|2020-06-24
Iztacalco|1|2020-06-28
Iztacalco|1|2020-07-02
Iztacalco|2|2020-07-04
Iztacalco|1|2020-07-09
Iztacalco|1|2020-07-12
Iztacalco|2|2020-07-13
Iztacalco|1|2020-07-14
Iztacalco|1|2020-07-21
Iztacalco|1|2020-07-26
Iztacalco|2|2020-07-29
Iztacalco|1|2020-07-30
Iztacalco|2|2020-08-01
Iztacalco|1|2020-08-03
Iztacalco|3|2020-08-04
Iztacalco|1|2020-08-05
Iztacalco|1|2020-08-07
Iztacalco|1|2020-08-08
Iztacalco|1|2020-08-09
Iztacalco|1|2020-08-10
Iztacalco|1|2020-08-11
Iztacalco|1|2020-08-12
Iztacalco|2|2020-08-13
Iztacalco|4|2020-08-14
Iztacalco|1|2020-08-15
Iztacalco|1|2020-08-17
Iztacalco|1|2020-08-18
Iztacalco|1|2020-08-21
Iztacalco|1|2020-08-23
Iztacalco|1|2020-08-24
Iztacalco|2|2020-08-25
Iztacalco|2|2020-08-26
Iztacalco|1|2020-08-28
Iztacalco|1|2020-08-29
Iztacalco|2|2020-08-30
Iztacalco|1|2020-09-01
Iztacalco|1|2020-09-05
Iztacalco|1|2020-09-06
Iztacalco|1|2020-09-07
Iztacalco|1|2020-09-08
Iztacalco|1|2020-09-14
Iztacalco|1|2020-09-16
Iztacalco|1|2020-09-19
Iztacalco|1|2020-09-20
Iztacalco|1|2020-09-21
Iztacalco|1|2020-09-25
Iztacalco|1|2020-09-28
Iztacalco|1|2020-10-01
Iztacalco|1|2020-10-04
Iztacalco|1|2020-10-05
Iztacalco|1|2020-10-06
Iztacalco|1|2020-10-07
Iztacalco|1|2020-10-09
Iztacalco|1|2020-10-13
Iztacalco|1|2020-10-16
Iztacalco|2|2020-10-17
Iztacalco|1|2020-10-18
Iztacalco|1|2020-10-19
Iztacalco|1|2020-10-21
Iztacalco|1|2020-10-22
Iztacalco|2|2020-10-24
Iztacalco|1|2020-10-26
Iztacalco|1|2020-10-27
Iztacalco|1|2020-10-28
Iztacalco|1|2020-10-29
Iztacalco|1|2020-10-30
Iztacalco|2|2020-11-01
Iztacalco|1|2020-11-02
Iztacalco|3|2020-11-04
Iztacalco|1|2020-11-07
Iztacalco|1|2020-11-08
Iztacalco|1|2020-11-09
Iztacalco|1|2020-11-10
Iztacalco|2|2020-11-12
Iztacalco|1|2020-11-13
Iztacalco|1|2020-11-14
Iztacalco|1|2020-11-15
Iztacalco|1|2020-11-17
Iztacalco|2|2020-11-20
Iztacalco|2|2020-11-24
Iztacalco|2|2020-11-25
Iztacalco|2|2020-12-04
Iztacalco|1|2020-12-09
Iztacalco|2|2020-12-12
Iztacalco|1|2020-12-13
Iztacalco|1|2020-12-15
Iztacalco|1|2020-12-18
Iztacalco|1|2020-12-19
Iztacalco|1|2020-12-22
Iztacalco|2|2020-12-26
Iztacalco|1|2020-12-28
Iztacalco|2|2020-12-30
Iztapalapa|4|2020-01-01
Iztapalapa|1|2020-01-02
Iztapalapa|2|2020-01-03
Iztapalapa|2|2020-01-04
Iztapalapa|1|2020-01-05
Iztapalapa|1|2020-01-06
Iztapalapa|2|2020-01-07
Iztapalapa|3|2020-01-08
Iztapalapa|3|2020-01-09
Iztapalapa|3|2020-01-10
Iztapalapa|2|2020-01-11
Iztapalapa|3|2020-01-12
Iztapalapa|5|2020-01-14
Iztapalapa|2|2020-01-15
Iztapalapa|1|2020-01-16
Iztapalapa|2|2020-01-17
Iztapalapa|1|2020-01-18
Iztapalapa|3|2020-01-19
Iztapalapa|1|2020-01-20
Iztapalapa|3|2020-01-23
Iztapalapa|5|2020-01-24
Iztapalapa|5|2020-01-25
Iztapalapa|3|2020-01-26
Iztapalapa|1|2020-01-27
Iztapalapa|4|2020-01-28
Iztapalapa|6|2020-01-29
Iztapalapa|2|2020-01-30
Iztapalapa|1|2020-01-31
Iztapalapa|1|2020-02-02
Iztapalapa|2|2020-02-03
Iztapalapa|2|2020-02-04
Iztapalapa|3|2020-02-05
Iztapalapa|3|2020-02-06
Iztapalapa|2|2020-02-07
Iztapalapa|5|2020-02-08
Iztapalapa|1|2020-02-09
Iztapalapa|1|2020-02-10
Iztapalapa|1|2020-02-11
Iztapalapa|1|2020-02-12
Iztapalapa|1|2020-02-13
Iztapalapa|3|2020-02-14
Iztapalapa|1|2020-02-15
Iztapalapa|4|2020-02-16
Iztapalapa|2|2020-02-17
Iztapalapa|4|2020-02-18
Iztapalapa|5|2020-02-19
Iztapalapa|3|2020-02-20
Iztapalapa|3|2020-02-21
Iztapalapa|2|2020-02-22
Iztapalapa|3|2020-02-24
Iztapalapa|4|2020-02-25
Iztapalapa|2|2020-02-26
Iztapalapa|4|2020-02-27
Iztapalapa|1|2020-02-28
Iztapalapa|7|2020-02-29
Iztapalapa|2|2020-03-01
Iztapalapa|5|2020-03-02
Iztapalapa|1|2020-03-03
Iztapalapa|1|2020-03-04
Iztapalapa|2|2020-03-05
Iztapalapa|3|2020-03-06
Iztapalapa|3|2020-03-07
Iztapalapa|2|2020-03-08
Iztapalapa|1|2020-03-09
Iztapalapa|1|2020-03-10
Iztapalapa|3|2020-03-11
Iztapalapa|2|2020-03-12
Iztapalapa|1|2020-03-13
Iztapalapa|4|2020-03-14
Iztapalapa|1|2020-03-16
Iztapalapa|4|2020-03-17
Iztapalapa|3|2020-03-18
Iztapalapa|3|2020-03-19
Iztapalapa|3|2020-03-20
Iztapalapa|3|2020-03-21
Iztapalapa|3|2020-03-22
Iztapalapa|1|2020-03-25
Iztapalapa|1|2020-03-26
Iztapalapa|1|2020-03-27
Iztapalapa|5|2020-03-28
Iztapalapa|4|2020-03-30
Iztapalapa|1|2020-04-01
Iztapalapa|1|2020-04-02
Iztapalapa|4|2020-04-03
Iztapalapa|1|2020-04-04
Iztapalapa|1|2020-04-05
Iztapalapa|3|2020-04-06
Iztapalapa|1|2020-04-07
Iztapalapa|4|2020-04-08
Iztapalapa|1|2020-04-09
Iztapalapa|3|2020-04-10
Iztapalapa|1|2020-04-12
Iztapalapa|3|2020-04-13
Iztapalapa|3|2020-04-14
Iztapalapa|2|2020-04-15
Iztapalapa|2|2020-04-16
Iztapalapa|1|2020-04-17
Iztapalapa|1|2020-04-18
Iztapalapa|1|2020-04-19
Iztapalapa|3|2020-04-20
Iztapalapa|1|2020-04-23
Iztapalapa|1|2020-04-25
Iztapalapa|1|2020-04-26
Iztapalapa|2|2020-04-28
Iztapalapa|3|2020-04-30
Iztapalapa|3|2020-05-01
Iztapalapa|3|2020-05-02
Iztapalapa|1|2020-05-03
Iztapalapa|1|2020-05-04
Iztapalapa|2|2020-05-05
Iztapalapa|1|2020-05-06
Iztapalapa|1|2020-05-09
Iztapalapa|1|2020-05-11
Iztapalapa|1|2020-05-12
Iztapalapa|2|2020-05-14
Iztapalapa|2|2020-05-15
Iztapalapa|2|2020-05-16
Iztapalapa|1|2020-05-17
Iztapalapa|2|2020-05-18
Iztapalapa|2|2020-05-19
Iztapalapa|1|2020-05-20
Iztapalapa|1|2020-05-22
Iztapalapa|2|2020-05-24
Iztapalapa|2|2020-05-25
Iztapalapa|2|2020-05-26
Iztapalapa|3|2020-05-27
Iztapalapa|2|2020-05-28
Iztapalapa|1|2020-05-29
Iztapalapa|1|2020-05-30
Iztapalapa|1|2020-05-31
Iztapalapa|1|2020-06-01
Iztapalapa|1|2020-06-02
Iztapalapa|1|2020-06-03
Iztapalapa|2|2020-06-04
Iztapalapa|1|2020-06-06
Iztapalapa|1|2020-06-07
Iztapalapa|1|2020-06-08
Iztapalapa|1|2020-06-09
Iztapalapa|4|2020-06-10
Iztapalapa|2|2020-06-11
Iztapalapa|1|2020-06-12
Iztapalapa|2|2020-06-13
Iztapalapa|2|2020-06-14
Iztapalapa|1|2020-06-16
Iztapalapa|3|2020-06-17
Iztapalapa|1|2020-06-18
Iztapalapa|2|2020-06-19
Iztapalapa|2|2020-06-20
Iztapalapa|2|2020-06-21
Iztapalapa|1|2020-06-22
Iztapalapa|4|2020-06-23
Iztapalapa|1|2020-06-24
Iztapalapa|1|2020-06-25
Iztapalapa|3|2020-06-27
Iztapalapa|5|2020-06-29
Iztapalapa|1|2020-07-01
Iztapalapa|1|2020-07-03
Iztapalapa|1|2020-07-04
Iztapalapa|1|2020-07-05
Iztapalapa|2|2020-07-06
Iztapalapa|1|2020-07-09
Iztapalapa|7|2020-07-12
Iztapalapa|3|2020-07-13
Iztapalapa|3|2020-07-14
Iztapalapa|1|2020-07-16
Iztapalapa|3|2020-07-17
Iztapalapa|2|2020-07-18
Iztapalapa|4|2020-07-19
Iztapalapa|1|2020-07-20
Iztapalapa|1|2020-07-22
Iztapalapa|2|2020-07-23
Iztapalapa|3|2020-07-24
Iztapalapa|1|2020-07-25
Iztapalapa|4|2020-07-27
Iztapalapa|1|2020-07-28
Iztapalapa|1|2020-07-29
Iztapalapa|4|2020-07-30
Iztapalapa|2|2020-07-31
Iztapalapa|1|2020-08-01
Iztapalapa|2|2020-08-02
Iztapalapa|1|2020-08-03
Iztapalapa|1|2020-08-04
Iztapalapa|3|2020-08-06
Iztapalapa|6|2020-08-07
Iztapalapa|2|2020-08-08
Iztapalapa|2|2020-08-09
Iztapalapa|4|2020-08-11
Iztapalapa|3|2020-08-12
Iztapalapa|3|2020-08-14
Iztapalapa|1|2020-08-15
Iztapalapa|2|2020-08-16
Iztapalapa|3|2020-08-17
Iztapalapa|3|2020-08-18
Iztapalapa|3|2020-08-20
Iztapalapa|2|2020-08-21
Iztapalapa|5|2020-08-22
Iztapalapa|1|2020-08-23
Iztapalapa|1|2020-08-24
Iztapalapa|2|2020-08-26
Iztapalapa|2|2020-08-27
Iztapalapa|2|2020-08-28
Iztapalapa|2|2020-08-29
Iztapalapa|3|2020-08-30
Iztapalapa|2|2020-08-31
Iztapalapa|3|2020-09-01
Iztapalapa|3|2020-09-02
Iztapalapa|1|2020-09-05
Iztapalapa|3|2020-09-06
Iztapalapa|3|2020-09-07
Iztapalapa|1|2020-09-08
Iztapalapa|4|2020-09-09
Iztapalapa|3|2020-09-10
Iztapalapa|1|2020-09-12
Iztapalapa|3|2020-09-14
Iztapalapa|4|2020-09-15
Iztapalapa|2|2020-09-16
Iztapalapa|2|2020-09-17
Iztapalapa|1|2020-09-20
Iztapalapa|2|2020-09-22
Iztapalapa|2|2020-09-23
Iztapalapa|4|2020-09-24
Iztapalapa|1|2020-09-25
Iztapalapa|1|2020-09-26
Iztapalapa|2|2020-09-27
Iztapalapa|3|2020-09-28
Iztapalapa|2|2020-09-29
Iztapalapa|2|2020-09-30
Iztapalapa|1|2020-10-02
Iztapalapa|4|2020-10-03
Iztapalapa|1|2020-10-04
Iztapalapa|2|2020-10-05
Iztapalapa|1|2020-10-06
Iztapalapa|6|2020-10-07
Iztapalapa|5|2020-10-08
Iztapalapa|1|2020-10-09
Iztapalapa|3|2020-10-10
Iztapalapa|4|2020-10-11
Iztapalapa|4|2020-10-12
Iztapalapa|2|2020-10-13
Iztapalapa|4|2020-10-14
Iztapalapa|2|2020-10-15
Iztapalapa|3|2020-10-17
Iztapalapa|1|2020-10-18
Iztapalapa|3|2020-10-19
Iztapalapa|4|2020-10-20
Iztapalapa|3|2020-10-21
Iztapalapa|1|2020-10-22
Iztapalapa|2|2020-10-24
Iztapalapa|2|2020-10-25
Iztapalapa|1|2020-10-26
Iztapalapa|6|2020-10-27
Iztapalapa|6|2020-10-28
Iztapalapa|1|2020-10-29
Iztapalapa|2|2020-10-30
Iztapalapa|4|2020-10-31
Iztapalapa|3|2020-11-01
Iztapalapa|1|2020-11-02
Iztapalapa|2|2020-11-03
Iztapalapa|5|2020-11-04
Iztapalapa|4|2020-11-05
Iztapalapa|1|2020-11-06
Iztapalapa|1|2020-11-07
Iztapalapa|3|2020-11-08
Iztapalapa|2|2020-11-09
Iztapalapa|4|2020-11-10
Iztapalapa|1|2020-11-12
Iztapalapa|1|2020-11-13
Iztapalapa|6|2020-11-14
Iztapalapa|1|2020-11-16
Iztapalapa|2|2020-11-17
Iztapalapa|2|2020-11-18
Iztapalapa|1|2020-11-19
Iztapalapa|3|2020-11-20
Iztapalapa|1|2020-11-21
Iztapalapa|2|2020-11-23
Iztapalapa|1|2020-11-24
Iztapalapa|5|2020-11-25
Iztapalapa|5|2020-11-26
Iztapalapa|2|2020-11-27
Iztapalapa|2|2020-11-29
Iztapalapa|2|2020-11-30
Iztapalapa|4|2020-12-02
Iztapalapa|1|2020-12-03
Iztapalapa|3|2020-12-04
Iztapalapa|1|2020-12-05
Iztapalapa|1|2020-12-06
Iztapalapa|1|2020-12-07
Iztapalapa|1|2020-12-08
Iztapalapa|1|2020-12-09
Iztapalapa|2|2020-12-10
Iztapalapa|2|2020-12-11
Iztapalapa|1|2020-12-12
Iztapalapa|3|2020-12-13
Iztapalapa|2|2020-12-14
Iztapalapa|1|2020-12-15
Iztapalapa|4|2020-12-16
Iztapalapa|1|2020-12-18
Iztapalapa|1|2020-12-19
Iztapalapa|2|2020-12-20
Iztapalapa|1|2020-12-21
Iztapalapa|2|2020-12-22
Iztapalapa|3|2020-12-23
Iztapalapa|3|2020-12-24
Iztapalapa|1|2020-12-25
Iztapalapa|2|2020-12-26
Iztapalapa|1|2020-12-27
Iztapalapa|2|2020-12-28
Iztapalapa|1|2020-12-29
Iztapalapa|1|2020-12-30
Iztapalapa|2|2020-12-31
La Magdalena Contreras|1|2020-01-01
La Magdalena Contreras|3|2020-01-09
La Magdalena Contreras|1|2020-01-10
La Magdalena Contreras|1|2020-01-14
La Magdalena Contreras|1|2020-01-17
La Magdalena Contreras|2|2020-01-19
La Magdalena Contreras|1|2020-01-21
La Magdalena Contreras|1|2020-01-24
La Magdalena Contreras|1|2020-01-25
La Magdalena Contreras|2|2020-01-27
La Magdalena Contreras|1|2020-01-28
La Magdalena Contreras|2|2020-01-31
La Magdalena Contreras|1|2020-02-04
La Magdalena Contreras|1|2020-02-07
La Magdalena Contreras|2|2020-02-12
La Magdalena Contreras|1|2020-02-13
La Magdalena Contreras|1|2020-02-15
La Magdalena Contreras|1|2020-02-16
La Magdalena Contreras|1|2020-02-17
La Magdalena Contreras|1|2020-02-21
La Magdalena Contreras|1|2020-02-25
La Magdalena Contreras|1|2020-03-03
La Magdalena Contreras|1|2020-03-05
La Magdalena Contreras|1|2020-03-06
La Magdalena Contreras|2|2020-03-12
La Magdalena Contreras|2|2020-03-15
La Magdalena Contreras|2|2020-03-20
La Magdalena Contreras|1|2020-03-21
La Magdalena Contreras|1|2020-04-03
La Magdalena Contreras|1|2020-04-12
La Magdalena Contreras|1|2020-04-13
La Magdalena Contreras|1|2020-04-16
La Magdalena Contreras|1|2020-04-17
La Magdalena Contreras|1|2020-04-23
La Magdalena Contreras|1|2020-05-02
La Magdalena Contreras|1|2020-05-13
La Magdalena Contreras|1|2020-05-18
La Magdalena Contreras|1|2020-05-21
La Magdalena Contreras|1|2020-05-24
La Magdalena Contreras|1|2020-06-09
La Magdalena Contreras|2|2020-06-10
La Magdalena Contreras|1|2020-06-13
La Magdalena Contreras|1|2020-06-15
La Magdalena Contreras|1|2020-06-19
La Magdalena Contreras|1|2020-06-21
La Magdalena Contreras|1|2020-06-30
La Magdalena Contreras|1|2020-07-03
La Magdalena Contreras|1|2020-07-05
La Magdalena Contreras|1|2020-07-12
La Magdalena Contreras|2|2020-07-13
La Magdalena Contreras|1|2020-07-15
La Magdalena Contreras|1|2020-07-21
La Magdalena Contreras|1|2020-07-31
La Magdalena Contreras|1|2020-08-01
La Magdalena Contreras|1|2020-08-03
La Magdalena Contreras|2|2020-08-04
La Magdalena Contreras|3|2020-08-07
La Magdalena Contreras|1|2020-08-10
La Magdalena Contreras|1|2020-08-21
La Magdalena Contreras|1|2020-08-23
La Magdalena Contreras|1|2020-08-28
La Magdalena Contreras|1|2020-09-06
La Magdalena Contreras|1|2020-09-08
La Magdalena Contreras|1|2020-09-11
La Magdalena Contreras|1|2020-09-16
La Magdalena Contreras|1|2020-09-20
La Magdalena Contreras|2|2020-09-23
La Magdalena Contreras|1|2020-09-24
La Magdalena Contreras|1|2020-09-29
La Magdalena Contreras|1|2020-10-01
La Magdalena Contreras|2|2020-10-09
La Magdalena Contreras|1|2020-10-11
La Magdalena Contreras|1|2020-10-12
La Magdalena Contreras|1|2020-10-21
La Magdalena Contreras|1|2020-10-31
La Magdalena Contreras|1|2020-11-01
La Magdalena Contreras|1|2020-11-02
La Magdalena Contreras|1|2020-11-09
La Magdalena Contreras|1|2020-11-10
La Magdalena Contreras|1|2020-11-12
La Magdalena Contreras|1|2020-11-14
La Magdalena Contreras|1|2020-11-16
La Magdalena Contreras|1|2020-11-17
La Magdalena Contreras|2|2020-11-19
La Magdalena Contreras|1|2020-11-21
La Magdalena Contreras|1|2020-11-24
La Magdalena Contreras|1|2020-11-30
La Magdalena Contreras|1|2020-12-04
La Magdalena Contreras|1|2020-12-05
La Magdalena Contreras|1|2020-12-06
La Magdalena Contreras|1|2020-12-10
La Magdalena Contreras|1|2020-12-11
La Magdalena Contreras|1|2020-12-12
La Magdalena Contreras|1|2020-12-14
La Magdalena Contreras|1|2020-12-15
La Magdalena Contreras|1|2020-12-18
La Magdalena Contreras|1|2020-12-23
La Magdalena Contreras|1|2020-12-24
Miguel Hidalgo|1|2020-01-01
Miguel Hidalgo|2|2020-01-02
Miguel Hidalgo|3|2020-01-03
Miguel Hidalgo|3|2020-01-05
Miguel Hidalgo|1|2020-01-06
Miguel Hidalgo|2|2020-01-07
Miguel Hidalgo|6|2020-01-08
Miguel Hidalgo|1|2020-01-09
Miguel Hidalgo|1|2020-01-12
Miguel Hidalgo|1|2020-01-13
Miguel Hidalgo|3|2020-01-14
Miguel Hidalgo|2|2020-01-15
Miguel Hidalgo|1|2020-01-16
Miguel Hidalgo|4|2020-01-17
Miguel Hidalgo|5|2020-01-18
Miguel Hidalgo|2|2020-01-19
Miguel Hidalgo|3|2020-01-20
Miguel Hidalgo|1|2020-01-21
Miguel Hidalgo|4|2020-01-22
Miguel Hidalgo|2|2020-01-23
Miguel Hidalgo|4|2020-01-24
Miguel Hidalgo|1|2020-01-26
Miguel Hidalgo|2|2020-01-27
Miguel Hidalgo|2|2020-01-28
Miguel Hidalgo|1|2020-01-30
Miguel Hidalgo|1|2020-01-31
Miguel Hidalgo|1|2020-02-01
Miguel Hidalgo|2|2020-02-02
Miguel Hidalgo|1|2020-02-03
Miguel Hidalgo|1|2020-02-04
Miguel Hidalgo|6|2020-02-05
Miguel Hidalgo|1|2020-02-06
Miguel Hidalgo|1|2020-02-07
Miguel Hidalgo|1|2020-02-08
Miguel Hidalgo|2|2020-02-09
Miguel Hidalgo|1|2020-02-10
Miguel Hidalgo|2|2020-02-11
Miguel Hidalgo|3|2020-02-12
Miguel Hidalgo|2|2020-02-13
Miguel Hidalgo|5|2020-02-14
Miguel Hidalgo|1|2020-02-15
Miguel Hidalgo|3|2020-02-16
Miguel Hidalgo|3|2020-02-17
Miguel Hidalgo|2|2020-02-19
Miguel Hidalgo|5|2020-02-20
Miguel Hidalgo|1|2020-02-21
Miguel Hidalgo|2|2020-02-22
Miguel Hidalgo|2|2020-02-23
Miguel Hidalgo|1|2020-02-24
Miguel Hidalgo|1|2020-02-25
Miguel Hidalgo|4|2020-02-26
Miguel Hidalgo|3|2020-02-28
Miguel Hidalgo|1|2020-03-01
Miguel Hidalgo|3|2020-03-02
Miguel Hidalgo|2|2020-03-03
Miguel Hidalgo|1|2020-03-04
Miguel Hidalgo|3|2020-03-05
Miguel Hidalgo|4|2020-03-06
Miguel Hidalgo|2|2020-03-07
Miguel Hidalgo|3|2020-03-08
Miguel Hidalgo|2|2020-03-09
Miguel Hidalgo|1|2020-03-10
Miguel Hidalgo|4|2020-03-12
Miguel Hidalgo|3|2020-03-13
Miguel Hidalgo|1|2020-03-14
Miguel Hidalgo|3|2020-03-16
Miguel Hidalgo|4|2020-03-18
Miguel Hidalgo|1|2020-03-20
Miguel Hidalgo|3|2020-03-21
Miguel Hidalgo|2|2020-03-23
Miguel Hidalgo|2|2020-03-24
Miguel Hidalgo|1|2020-03-25
Miguel Hidalgo|1|2020-03-26
Miguel Hidalgo|1|2020-03-27
Miguel Hidalgo|3|2020-03-29
Miguel Hidalgo|3|2020-03-30
Miguel Hidalgo|2|2020-03-31
Miguel Hidalgo|1|2020-04-01
Miguel Hidalgo|1|2020-04-03
Miguel Hidalgo|1|2020-04-04
Miguel Hidalgo|1|2020-04-05
Miguel Hidalgo|2|2020-04-06
Miguel Hidalgo|2|2020-04-07
Miguel Hidalgo|1|2020-04-08
Miguel Hidalgo|1|2020-04-09
Miguel Hidalgo|1|2020-04-10
Miguel Hidalgo|1|2020-04-13
Miguel Hidalgo|1|2020-04-14
Miguel Hidalgo|1|2020-04-16
Miguel Hidalgo|1|2020-04-19
Miguel Hidalgo|1|2020-04-20
Miguel Hidalgo|1|2020-04-21
Miguel Hidalgo|1|2020-04-22
Miguel Hidalgo|1|2020-04-23
Miguel Hidalgo|2|2020-04-24
Miguel Hidalgo|1|2020-04-27
Miguel Hidalgo|1|2020-04-28
Miguel Hidalgo|1|2020-04-30
Miguel Hidalgo|1|2020-05-02
Miguel Hidalgo|1|2020-05-03
Miguel Hidalgo|1|2020-05-06
Miguel Hidalgo|1|2020-05-07
Miguel Hidalgo|2|2020-05-09
Miguel Hidalgo|1|2020-05-10
Miguel Hidalgo|1|2020-05-11
Miguel Hidalgo|1|2020-05-13
Miguel Hidalgo|1|2020-05-14
Miguel Hidalgo|2|2020-05-18
Miguel Hidalgo|1|2020-05-20
Miguel Hidalgo|1|2020-05-21
Miguel Hidalgo|1|2020-05-22
Miguel Hidalgo|3|2020-05-28
Miguel Hidalgo|1|2020-05-30
Miguel Hidalgo|1|2020-05-31
Miguel Hidalgo|4|2020-06-01
Miguel Hidalgo|2|2020-06-03
Miguel Hidalgo|1|2020-06-04
Miguel Hidalgo|3|2020-06-05
Miguel Hidalgo|2|2020-06-06
Miguel Hidalgo|3|2020-06-10
Miguel Hidalgo|1|2020-06-13
Miguel Hidalgo|3|2020-06-14
Miguel Hidalgo|2|2020-06-18
Miguel Hidalgo|2|2020-06-19
Miguel Hidalgo|2|2020-06-20
Miguel Hidalgo|1|2020-06-21
Miguel Hidalgo|3|2020-06-23
Miguel Hidalgo|3|2020-06-24
Miguel Hidalgo|4|2020-06-25
Miguel Hidalgo|2|2020-06-26
Miguel Hidalgo|1|2020-06-27
Miguel Hidalgo|1|2020-06-29
Miguel Hidalgo|1|2020-07-04
Miguel Hidalgo|3|2020-07-05
Miguel Hidalgo|2|2020-07-06
Miguel Hidalgo|2|2020-07-07
Miguel Hidalgo|2|2020-07-08
Miguel Hidalgo|1|2020-07-09
Miguel Hidalgo|1|2020-07-10
Miguel Hidalgo|3|2020-07-13
Miguel Hidalgo|1|2020-07-14
Miguel Hidalgo|4|2020-07-16
Miguel Hidalgo|2|2020-07-17
Miguel Hidalgo|3|2020-07-22
Miguel Hidalgo|1|2020-07-23
Miguel Hidalgo|1|2020-07-24
Miguel Hidalgo|2|2020-07-25
Miguel Hidalgo|1|2020-07-27
Miguel Hidalgo|1|2020-07-28
Miguel Hidalgo|2|2020-07-30
Miguel Hidalgo|3|2020-07-31
Miguel Hidalgo|3|2020-08-02
Miguel Hidalgo|3|2020-08-03
Miguel Hidalgo|2|2020-08-04
Miguel Hidalgo|1|2020-08-05
Miguel Hidalgo|1|2020-08-07
Miguel Hidalgo|3|2020-08-08
Miguel Hidalgo|2|2020-08-09
Miguel Hidalgo|1|2020-08-10
Miguel Hidalgo|1|2020-08-11
Miguel Hidalgo|1|2020-08-13
Miguel Hidalgo|1|2020-08-14
Miguel Hidalgo|1|2020-08-15
Miguel Hidalgo|1|2020-08-16
Miguel Hidalgo|3|2020-08-17
Miguel Hidalgo|3|2020-08-18
Miguel Hidalgo|1|2020-08-20
Miguel Hidalgo|1|2020-08-21
Miguel Hidalgo|2|2020-08-23
Miguel Hidalgo|2|2020-08-24
Miguel Hidalgo|2|2020-08-27
Miguel Hidalgo|1|2020-08-28
Miguel Hidalgo|2|2020-08-30
Miguel Hidalgo|5|2020-08-31
Miguel Hidalgo|1|2020-09-01
Miguel Hidalgo|1|2020-09-02
Miguel Hidalgo|1|2020-09-05
Miguel Hidalgo|3|2020-09-06
Miguel Hidalgo|1|2020-09-07
Miguel Hidalgo|1|2020-09-08
Miguel Hidalgo|1|2020-09-09
Miguel Hidalgo|1|2020-09-13
Miguel Hidalgo|3|2020-09-14
Miguel Hidalgo|1|2020-09-15
Miguel Hidalgo|1|2020-09-17
Miguel Hidalgo|1|2020-09-18
Miguel Hidalgo|1|2020-09-20
Miguel Hidalgo|1|2020-09-21
Miguel Hidalgo|2|2020-09-26
Miguel Hidalgo|1|2020-09-27
Miguel Hidalgo|1|2020-09-29
Miguel Hidalgo|1|2020-09-30
Miguel Hidalgo|2|2020-10-01
Miguel Hidalgo|2|2020-10-02
Miguel Hidalgo|3|2020-10-03
Miguel Hidalgo|3|2020-10-04
Miguel Hidalgo|1|2020-10-05
Miguel Hidalgo|2|2020-10-08
Miguel Hidalgo|3|2020-10-09
Miguel Hidalgo|6|2020-10-10
Miguel Hidalgo|3|2020-10-11
Miguel Hidalgo|2|2020-10-14
Miguel Hidalgo|2|2020-10-15
Miguel Hidalgo|3|2020-10-16
Miguel Hidalgo|1|2020-10-17
Miguel Hidalgo|4|2020-10-19
Miguel Hidalgo|3|2020-10-20
Miguel Hidalgo|3|2020-10-21
Miguel Hidalgo|4|2020-10-23
Miguel Hidalgo|3|2020-10-24
Miguel Hidalgo|1|2020-10-25
Miguel Hidalgo|1|2020-10-26
Miguel Hidalgo|1|2020-10-28
Miguel Hidalgo|1|2020-10-29
Miguel Hidalgo|1|2020-10-30
Miguel Hidalgo|1|2020-10-31
Miguel Hidalgo|2|2020-11-01
Miguel Hidalgo|1|2020-11-02
Miguel Hidalgo|1|2020-11-03
Miguel Hidalgo|2|2020-11-04
Miguel Hidalgo|1|2020-11-06
Miguel Hidalgo|2|2020-11-08
Miguel Hidalgo|1|2020-11-09
Miguel Hidalgo|2|2020-11-11
Miguel Hidalgo|1|2020-11-12
Miguel Hidalgo|2|2020-11-13
Miguel Hidalgo|2|2020-11-14
Miguel Hidalgo|3|2020-11-15
Miguel Hidalgo|1|2020-11-16
Miguel Hidalgo|1|2020-11-18
Miguel Hidalgo|3|2020-11-19
Miguel Hidalgo|2|2020-11-20
Miguel Hidalgo|2|2020-11-21
Miguel Hidalgo|2|2020-11-23
Miguel Hidalgo|2|2020-11-24
Miguel Hidalgo|3|2020-11-25
Miguel Hidalgo|4|2020-11-26
Miguel Hidalgo|2|2020-11-27
Miguel Hidalgo|4|2020-11-28
Miguel Hidalgo|2|2020-11-29
Miguel Hidalgo|2|2020-11-30
Miguel Hidalgo|2|2020-12-01
Miguel Hidalgo|2|2020-12-02
Miguel Hidalgo|2|2020-12-04
Miguel Hidalgo|1|2020-12-05
Miguel Hidalgo|2|2020-12-06
Miguel Hidalgo|3|2020-12-07
Miguel Hidalgo|2|2020-12-08
Miguel Hidalgo|2|2020-12-09
Miguel Hidalgo|1|2020-12-10
Miguel Hidalgo|3|2020-12-11
Miguel Hidalgo|2|2020-12-12
Miguel Hidalgo|3|2020-12-14
Miguel Hidalgo|1|2020-12-16
Miguel Hidalgo|1|2020-12-18
Miguel Hidalgo|3|2020-12-20
Miguel Hidalgo|1|2020-12-22
Miguel Hidalgo|4|2020-12-23
Miguel Hidalgo|1|2020-12-24
Miguel Hidalgo|2|2020-12-26
Miguel Hidalgo|1|2020-12-27
Miguel Hidalgo|1|2020-12-29
Miguel Hidalgo|2|2020-12-30
Miguel Hidalgo|1|2020-12-31
Milpa Alta|2|2020-01-05
Milpa Alta|1|2020-01-13
Milpa Alta|1|2020-01-20
Milpa Alta|1|2020-02-01
Milpa Alta|1|2020-02-04
Milpa Alta|1|2020-02-11
Milpa Alta|1|2020-02-12
Milpa Alta|1|2020-02-16
Milpa Alta|1|2020-02-19
Milpa Alta|1|2020-02-22
Milpa Alta|1|2020-02-24
Milpa Alta|1|2020-02-29
Milpa Alta|1|2020-03-01
Milpa Alta|1|2020-03-03
Milpa Alta|1|2020-03-06
Milpa Alta|2|2020-03-11
Milpa Alta|1|2020-03-21
Milpa Alta|1|2020-03-26
Milpa Alta|1|2020-03-27
Milpa Alta|1|2020-04-28
Milpa Alta|1|2020-05-16
Milpa Alta|1|2020-06-12
Milpa Alta|1|2020-06-17
Milpa Alta|1|2020-06-30
Milpa Alta|2|2020-07-15
Milpa Alta|1|2020-07-19
Milpa Alta|1|2020-08-05
Milpa Alta|1|2020-08-10
Milpa Alta|1|2020-08-11
Milpa Alta|2|2020-08-17
Milpa Alta|1|2020-08-29
Milpa Alta|1|2020-09-01
Milpa Alta|2|2020-09-05
Milpa Alta|1|2020-09-15
Milpa Alta|2|2020-09-16
Milpa Alta|1|2020-09-22
Milpa Alta|1|2020-09-23
Milpa Alta|1|2020-09-27
Milpa Alta|1|2020-09-30
Milpa Alta|1|2020-10-06
Milpa Alta|1|2020-10-07
Milpa Alta|1|2020-10-10
Milpa Alta|2|2020-10-12
Milpa Alta|1|2020-10-16
Milpa Alta|2|2020-10-22
Milpa Alta|1|2020-10-25
Milpa Alta|1|2020-11-01
Milpa Alta|1|2020-11-15
Milpa Alta|1|2020-11-30
Milpa Alta|1|2020-12-01
Milpa Alta|1|2020-12-06
Milpa Alta|2|2020-12-07
Milpa Alta|1|2020-12-14
Milpa Alta|1|2020-12-16
Milpa Alta|1|2020-12-20
Milpa Alta|1|2020-12-22
Milpa Alta|1|2020-12-26
Tláhuac|1|2020-01-05
Tláhuac|1|2020-01-10
Tláhuac|1|2020-01-11
Tláhuac|3|2020-01-14
Tláhuac|2|2020-01-18
Tláhuac|1|2020-01-19
Tláhuac|2|2020-01-21
Tláhuac|1|2020-01-22
Tláhuac|1|2020-01-23
Tláhuac|1|2020-01-24
Tláhuac|1|2020-01-27
Tláhuac|1|2020-01-28
Tláhuac|2|2020-02-04
Tláhuac|1|2020-02-06
Tláhuac|1|2020-02-07
Tláhuac|2|2020-02-15
Tláhuac|1|2020-02-25
Tláhuac|1|2020-02-27
Tláhuac|1|2020-03-01
Tláhuac|2|2020-03-06
Tláhuac|1|2020-03-13
Tláhuac|1|2020-03-14
Tláhuac|1|2020-04-02
Tláhuac|1|2020-04-09
Tláhuac|1|2020-04-12
Tláhuac|1|2020-04-18
Tláhuac|1|2020-04-20
Tláhuac|1|2020-04-30
Tláhuac|1|2020-05-08
Tláhuac|2|2020-05-21
Tláhuac|1|2020-06-01
Tláhuac|1|2020-06-03
Tláhuac|1|2020-06-04
Tláhuac|1|2020-06-08
Tláhuac|1|2020-06-13
Tláhuac|1|2020-06-14
Tláhuac|1|2020-06-17
Tláhuac|2|2020-06-20
Tláhuac|1|2020-06-22
Tláhuac|1|2020-06-30
Tláhuac|2|2020-07-09
Tláhuac|1|2020-07-10
Tláhuac|1|2020-07-11
Tláhuac|1|2020-07-15
Tláhuac|1|2020-07-18
Tláhuac|1|2020-07-19
Tláhuac|1|2020-07-30
Tláhuac|1|2020-08-01
Tláhuac|1|2020-08-03
Tláhuac|1|2020-08-08
Tláhuac|2|2020-08-14
Tláhuac|1|2020-08-16
Tláhuac|1|2020-08-25
Tláhuac|1|2020-08-29
Tláhuac|1|2020-09-04
Tláhuac|1|2020-09-10
Tláhuac|1|2020-09-18
Tláhuac|1|2020-09-19
Tláhuac|1|2020-09-21
Tláhuac|1|2020-10-03
Tláhuac|1|2020-10-07
Tláhuac|1|2020-10-08
Tláhuac|1|2020-10-14
Tláhuac|1|2020-10-15
Tláhuac|1|2020-10-18
Tláhuac|1|2020-10-19
Tláhuac|1|2020-10-20
Tláhuac|1|2020-10-21
Tláhuac|1|2020-10-23
Tláhuac|2|2020-10-26
Tláhuac|1|2020-10-29
Tláhuac|1|2020-11-06
Tláhuac|1|2020-11-11
Tláhuac|1|2020-11-12
Tláhuac|2|2020-11-19
Tláhuac|1|2020-11-20
Tláhuac|1|2020-11-26
Tláhuac|1|2020-11-27
Tláhuac|1|2020-11-29
Tláhuac|2|2020-12-01
Tláhuac|3|2020-12-02
Tláhuac|1|2020-12-04
Tláhuac|1|2020-12-05
Tláhuac|1|2020-12-06
Tláhuac|1|2020-12-09
Tláhuac|1|2020-12-10
Tláhuac|1|2020-12-11
Tláhuac|2|2020-12-12
Tláhuac|2|2020-12-19
Tláhuac|1|2020-12-25
Tláhuac|1|2020-12-28
Tlalpan|1|2020-01-01
Tlalpan|1|2020-01-02
Tlalpan|1|2020-01-05
Tlalpan|1|2020-01-06
Tlalpan|2|2020-01-07
Tlalpan|1|2020-01-08
Tlalpan|1|2020-01-10
Tlalpan|2|2020-01-11
Tlalpan|2|2020-01-12
Tlalpan|1|2020-01-14
Tlalpan|1|2020-01-16
Tlalpan|2|2020-01-17
Tlalpan|2|2020-01-18
Tlalpan|1|2020-01-19
Tlalpan|3|2020-01-21
Tlalpan|3|2020-01-22
Tlalpan|2|2020-01-24
Tlalpan|1|2020-01-25
Tlalpan|3|2020-01-26
Tlalpan|1|2020-01-29
Tlalpan|1|2020-01-31
Tlalpan|2|2020-02-01
Tlalpan|1|2020-02-02
Tlalpan|2|2020-02-03
Tlalpan|4|2020-02-05
Tlalpan|3|2020-02-06
Tlalpan|1|2020-02-07
Tlalpan|2|2020-02-08
Tlalpan|1|2020-02-09
Tlalpan|3|2020-02-10
Tlalpan|2|2020-02-11
Tlalpan|1|2020-02-12
Tlalpan|3|2020-02-13
Tlalpan|2|2020-02-14
Tlalpan|1|2020-02-15
Tlalpan|2|2020-02-16
Tlalpan|2|2020-02-17
Tlalpan|2|2020-02-18
Tlalpan|1|2020-02-19
Tlalpan|1|2020-02-20
Tlalpan|1|2020-02-21
Tlalpan|2|2020-02-22
Tlalpan|2|2020-02-23
Tlalpan|1|2020-02-24
Tlalpan|3|2020-02-25
Tlalpan|1|2020-02-27
Tlalpan|2|2020-02-28
Tlalpan|2|2020-03-01
Tlalpan|6|2020-03-02
Tlalpan|1|2020-03-03
Tlalpan|2|2020-03-04
Tlalpan|1|2020-03-05
Tlalpan|2|2020-03-06
Tlalpan|3|2020-03-07
Tlalpan|2|2020-03-08
Tlalpan|1|2020-03-09
Tlalpan|1|2020-03-10
Tlalpan|2|2020-03-11
Tlalpan|2|2020-03-12
Tlalpan|2|2020-03-13
Tlalpan|1|2020-03-15
Tlalpan|1|2020-03-16
Tlalpan|2|2020-03-17
Tlalpan|1|2020-03-18
Tlalpan|2|2020-03-19
Tlalpan|2|2020-03-20
Tlalpan|1|2020-03-21
Tlalpan|4|2020-03-22
Tlalpan|2|2020-03-24
Tlalpan|1|2020-03-27
Tlalpan|2|2020-03-28
Tlalpan|4|2020-03-29
Tlalpan|3|2020-04-01
Tlalpan|3|2020-04-02
Tlalpan|2|2020-04-07
Tlalpan|1|2020-04-09
Tlalpan|1|2020-04-10
Tlalpan|4|2020-04-11
Tlalpan|2|2020-04-13
Tlalpan|1|2020-04-18
Tlalpan|1|2020-04-21
Tlalpan|1|2020-04-22
Tlalpan|2|2020-04-23
Tlalpan|1|2020-04-25
Tlalpan|3|2020-04-29
Tlalpan|2|2020-04-30
Tlalpan|1|2020-05-03
Tlalpan|1|2020-05-06
Tlalpan|1|2020-05-08
Tlalpan|1|2020-05-10
Tlalpan|2|2020-05-11
Tlalpan|1|2020-05-12
Tlalpan|1|2020-05-14
Tlalpan|1|2020-05-17
Tlalpan|1|2020-05-19
Tlalpan|1|2020-05-20
Tlalpan|2|2020-05-22
Tlalpan|2|2020-05-23
Tlalpan|3|2020-05-25
Tlalpan|1|2020-05-27
Tlalpan|1|2020-05-30
Tlalpan|2|2020-06-01
Tlalpan|1|2020-06-02
Tlalpan|1|2020-06-04
Tlalpan|2|2020-06-05
Tlalpan|2|2020-06-06
Tlalpan|1|2020-06-07
Tlalpan|1|2020-06-08
Tlalpan|1|2020-06-09
Tlalpan|1|2020-06-10
Tlalpan|1|2020-06-11
Tlalpan|2|2020-06-14
Tlalpan|2|2020-06-15
Tlalpan|1|2020-06-17
Tlalpan|2|2020-06-18
Tlalpan|2|2020-06-19
Tlalpan|2|2020-06-20
Tlalpan|1|2020-06-21
Tlalpan|2|2020-06-22
Tlalpan|1|2020-06-23
Tlalpan|2|2020-06-25
Tlalpan|2|2020-06-27
Tlalpan|2|2020-06-28
Tlalpan|2|2020-07-02
Tlalpan|1|2020-07-03
Tlalpan|1|2020-07-04
Tlalpan|2|2020-07-05
Tlalpan|2|2020-07-07
Tlalpan|2|2020-07-09
Tlalpan|1|2020-07-10
Tlalpan|1|2020-07-11
Tlalpan|2|2020-07-12
Tlalpan|1|2020-07-13
Tlalpan|2|2020-07-14
Tlalpan|2|2020-07-15
Tlalpan|2|2020-07-16
Tlalpan|2|2020-07-18
Tlalpan|1|2020-07-19
Tlalpan|2|2020-07-20
Tlalpan|2|2020-07-22
Tlalpan|1|2020-07-23
Tlalpan|1|2020-07-24
Tlalpan|1|2020-07-25
Tlalpan|5|2020-07-26
Tlalpan|2|2020-07-27
Tlalpan|1|2020-07-28
Tlalpan|2|2020-07-29
Tlalpan|1|2020-07-30
Tlalpan|1|2020-08-02
Tlalpan|2|2020-08-03
Tlalpan|1|2020-08-05
Tlalpan|2|2020-08-06
Tlalpan|1|2020-08-07
Tlalpan|3|2020-08-08
Tlalpan|2|2020-08-09
Tlalpan|3|2020-08-10
Tlalpan|2|2020-08-12
Tlalpan|2|2020-08-13
Tlalpan|1|2020-08-14
Tlalpan|1|2020-08-15
Tlalpan|1|2020-08-16
Tlalpan|4|2020-08-17
Tlalpan|1|2020-08-18
Tlalpan|2|2020-08-19
Tlalpan|1|2020-08-20
Tlalpan|1|2020-08-21
Tlalpan|2|2020-08-22
Tlalpan|2|2020-08-23
Tlalpan|1|2020-08-25
Tlalpan|2|2020-08-28
Tlalpan|1|2020-08-29
Tlalpan|4|2020-08-30
Tlalpan|1|2020-08-31
Tlalpan|1|2020-09-01
Tlalpan|2|2020-09-02
Tlalpan|1|2020-09-04
Tlalpan|3|2020-09-05
Tlalpan|1|2020-09-08
Tlalpan|1|2020-09-09
Tlalpan|1|2020-09-11
Tlalpan|2|2020-09-13
Tlalpan|1|2020-09-14
Tlalpan|1|2020-09-15
Tlalpan|2|2020-09-16
Tlalpan|3|2020-09-17
Tlalpan|4|2020-09-18
Tlalpan|1|2020-09-19
Tlalpan|1|2020-09-20
Tlalpan|2|2020-09-25
Tlalpan|2|2020-09-27
Tlalpan|1|2020-09-28
Tlalpan|2|2020-09-29
Tlalpan|1|2020-10-01
Tlalpan|1|2020-10-03
Tlalpan|2|2020-10-04
Tlalpan|1|2020-10-05
Tlalpan|1|2020-10-06
Tlalpan|1|2020-10-07
Tlalpan|1|2020-10-08
Tlalpan|1|2020-10-09
Tlalpan|2|2020-10-10
Tlalpan|1|2020-10-11
Tlalpan|2|2020-10-13
Tlalpan|1|2020-10-15
Tlalpan|1|2020-10-17
Tlalpan|3|2020-10-18
Tlalpan|2|2020-10-19
Tlalpan|1|2020-10-21
Tlalpan|1|2020-10-22
Tlalpan|1|2020-10-23
Tlalpan|1|2020-10-24
Tlalpan|1|2020-10-25
Tlalpan|1|2020-10-26
Tlalpan|2|2020-10-28
Tlalpan|2|2020-10-29
Tlalpan|3|2020-10-30
Tlalpan|4|2020-10-31
Tlalpan|1|2020-11-02
Tlalpan|1|2020-11-03
Tlalpan|3|2020-11-04
Tlalpan|2|2020-11-05
Tlalpan|2|2020-11-06
Tlalpan|2|2020-11-07
Tlalpan|1|2020-11-08
Tlalpan|1|2020-11-10
Tlalpan|1|2020-11-11
Tlalpan|1|2020-11-12
Tlalpan|3|2020-11-13
Tlalpan|4|2020-11-15
Tlalpan|1|2020-11-16
Tlalpan|1|2020-11-17
Tlalpan|2|2020-11-20
Tlalpan|2|2020-11-22
Tlalpan|2|2020-11-24
Tlalpan|1|2020-11-25
Tlalpan|2|2020-11-27
Tlalpan|2|2020-11-28
Tlalpan|1|2020-11-29
Tlalpan|1|2020-12-04
Tlalpan|1|2020-12-05
Tlalpan|1|2020-12-08
Tlalpan|1|2020-12-09
Tlalpan|1|2020-12-11
Tlalpan|3|2020-12-12
Tlalpan|3|2020-12-14
Tlalpan|2|2020-12-15
Tlalpan|1|2020-12-16
Tlalpan|2|2020-12-20
Tlalpan|1|2020-12-21
Tlalpan|3|2020-12-23
Tlalpan|1|2020-12-25
Tlalpan|2|2020-12-26
Tlalpan|2|2020-12-28
Tlalpan|1|2020-12-30
Tlalpan|1|2020-12-31
Venustiano Carranza|1|2020-01-02
Venustiano Carranza|3|2020-01-03
Venustiano Carranza|2|2020-01-05
Venustiano Carranza|2|2020-01-06
Venustiano Carranza|1|2020-01-08
Venustiano Carranza|2|2020-01-09
Venustiano Carranza|2|2020-01-10
Venustiano Carranza|4|2020-01-11
Venustiano Carranza|4|2020-01-12
Venustiano Carranza|1|2020-01-13
Venustiano Carranza|2|2020-01-14
Venustiano Carranza|1|2020-01-15
Venustiano Carranza|2|2020-01-16
Venustiano Carranza|1|2020-01-18
Venustiano Carranza|3|2020-01-19
Venustiano Carranza|2|2020-01-20
Venustiano Carranza|1|2020-01-21
Venustiano Carranza|1|2020-01-22
Venustiano Carranza|2|2020-01-25
Venustiano Carranza|2|2020-01-26
Venustiano Carranza|4|2020-01-27
Venustiano Carranza|1|2020-01-30
Venustiano Carranza|3|2020-01-31
Venustiano Carranza|3|2020-02-01
Venustiano Carranza|1|2020-02-02
Venustiano Carranza|4|2020-02-03
Venustiano Carranza|1|2020-02-04
Venustiano Carranza|3|2020-02-05
Venustiano Carranza|3|2020-02-06
Venustiano Carranza|1|2020-02-07
Venustiano Carranza|1|2020-02-08
Venustiano Carranza|2|2020-02-09
Venustiano Carranza|1|2020-02-10
Venustiano Carranza|3|2020-02-11
Venustiano Carranza|1|2020-02-13
Venustiano Carranza|3|2020-02-14
Venustiano Carranza|2|2020-02-15
Venustiano Carranza|2|2020-02-16
Venustiano Carranza|4|2020-02-18
Venustiano Carranza|2|2020-02-19
Venustiano Carranza|2|2020-02-22
Venustiano Carranza|2|2020-02-24
Venustiano Carranza|1|2020-02-25
Venustiano Carranza|3|2020-02-27
Venustiano Carranza|1|2020-02-28
Venustiano Carranza|1|2020-03-01
Venustiano Carranza|2|2020-03-02
Venustiano Carranza|4|2020-03-03
Venustiano Carranza|5|2020-03-04
Venustiano Carranza|3|2020-03-05
Venustiano Carranza|3|2020-03-07
Venustiano Carranza|2|2020-03-10
Venustiano Carranza|2|2020-03-11
Venustiano Carranza|3|2020-03-13
Venustiano Carranza|1|2020-03-15
Venustiano Carranza|1|2020-03-18
Venustiano Carranza|1|2020-03-19
Venustiano Carranza|3|2020-03-21
Venustiano Carranza|2|2020-03-22
Venustiano Carranza|1|2020-03-23
Venustiano Carranza|1|2020-03-24
Venustiano Carranza|2|2020-03-25
Venustiano Carranza|1|2020-03-29
Venustiano Carranza|1|2020-03-30
Venustiano Carranza|1|2020-04-02
Venustiano Carranza|1|2020-04-04
Venustiano Carranza|2|2020-04-05
Venustiano Carranza|1|2020-04-06
Venustiano Carranza|1|2020-04-08
Venustiano Carranza|1|2020-04-09
Venustiano Carranza|1|2020-04-11
Venustiano Carranza|1|2020-04-13
Venustiano Carranza|2|2020-04-14
Venustiano Carranza|2|2020-04-17
Venustiano Carranza|1|2020-04-18
Venustiano Carranza|3|2020-04-19
Venustiano Carranza|1|2020-04-20
Venustiano Carranza|1|2020-04-21
Venustiano Carranza|2|2020-04-22
Venustiano Carranza|2|2020-04-23
Venustiano Carranza|2|2020-04-24
Venustiano Carranza|1|2020-04-25
Venustiano Carranza|1|2020-04-30
Venustiano Carranza|1|2020-05-01
Venustiano Carranza|1|2020-05-04
Venustiano Carranza|1|2020-05-07
Venustiano Carranza|1|2020-05-08
Venustiano Carranza|1|2020-05-13
Venustiano Carranza|1|2020-05-17
Venustiano Carranza|1|2020-05-19
Venustiano Carranza|2|2020-05-20
Venustiano Carranza|3|2020-05-22
Venustiano Carranza|1|2020-05-27
Venustiano Carranza|1|2020-05-28
Venustiano Carranza|1|2020-05-29
Venustiano Carranza|2|2020-05-30
Venustiano Carranza|1|2020-05-31
Venustiano Carranza|1|2020-06-04
Venustiano Carranza|1|2020-06-06
Venustiano Carranza|1|2020-06-11
Venustiano Carranza|1|2020-06-12
Venustiano Carranza|3|2020-06-13
Venustiano Carranza|1|2020-06-15
Venustiano Carranza|1|2020-06-17
Venustiano Carranza|1|2020-06-18
Venustiano Carranza|2|2020-06-22
Venustiano Carranza|1|2020-06-24
Venustiano Carranza|3|2020-06-25
Venustiano Carranza|1|2020-06-29
Venustiano Carranza|1|2020-07-01
Venustiano Carranza|1|2020-07-02
Venustiano Carranza|1|2020-07-03
Venustiano Carranza|1|2020-07-04
Venustiano Carranza|2|2020-07-07
Venustiano Carranza|1|2020-07-08
Venustiano Carranza|1|2020-07-11
Venustiano Carranza|1|2020-07-13
Venustiano Carranza|1|2020-07-15
Venustiano Carranza|2|2020-07-16
Venustiano Carranza|1|2020-07-18
Venustiano Carranza|1|2020-07-19
Venustiano Carranza|3|2020-07-20
Venustiano Carranza|1|2020-07-23
Venustiano Carranza|1|2020-07-24
Venustiano Carranza|1|2020-07-27
Venustiano Carranza|3|2020-07-28
Venustiano Carranza|4|2020-07-29
Venustiano Carranza|2|2020-07-30
Venustiano Carranza|2|2020-07-31
Venustiano Carranza|1|2020-08-04
Venustiano Carranza|1|2020-08-05
Venustiano Carranza|1|2020-08-06
Venustiano Carranza|1|2020-08-07
Venustiano Carranza|1|2020-08-08
Venustiano Carranza|1|2020-08-09
Venustiano Carranza|2|2020-08-10
Venustiano Carranza|1|2020-08-11
Venustiano Carranza|1|2020-08-13
Venustiano Carranza|1|2020-08-15
Venustiano Carranza|2|2020-08-16
Venustiano Carranza|2|2020-08-18
Venustiano Carranza|1|2020-08-19
Venustiano Carranza|1|2020-08-20
Venustiano Carranza|1|2020-08-21
Venustiano Carranza|1|2020-08-22
Venustiano Carranza|2|2020-08-24
Venustiano Carranza|1|2020-08-25
Venustiano Carranza|4|2020-08-29
Venustiano Carranza|1|2020-08-31
Venustiano Carranza|1|2020-09-02
Venustiano Carranza|1|2020-09-06
Venustiano Carranza|4|2020-09-07
Venustiano Carranza|2|2020-09-08
Venustiano Carranza|3|2020-09-11
Venustiano Carranza|3|2020-09-13
Venustiano Carranza|2|2020-09-14
Venustiano Carranza|1|2020-09-15
Venustiano Carranza|3|2020-09-16
Venustiano Carranza|3|2020-09-19
Venustiano Carranza|1|2020-09-22
Venustiano Carranza|1|2020-09-24
Venustiano Carranza|4|2020-09-25
Venustiano Carranza|4|2020-09-27
Venustiano Carranza|2|2020-09-29
Venustiano Carranza|1|2020-09-30
Venustiano Carranza|1|2020-10-01
Venustiano Carranza|1|2020-10-02
Venustiano Carranza|1|2020-10-03
Venustiano Carranza|1|2020-10-05
Venustiano Carranza|2|2020-10-08
Venustiano Carranza|2|2020-10-09
Venustiano Carranza|2|2020-10-11
Venustiano Carranza|1|2020-10-13
Venustiano Carranza|1|2020-10-14
Venustiano Carranza|2|2020-10-15
Venustiano Carranza|1|2020-10-19
Venustiano Carranza|3|2020-10-20
Venustiano Carranza|1|2020-10-21
Venustiano Carranza|1|2020-10-22
Venustiano Carranza|2|2020-10-23
Venustiano Carranza|1|2020-10-24
Venustiano Carranza|2|2020-10-25
Venustiano Carranza|1|2020-10-28
Venustiano Carranza|2|2020-10-29
Venustiano Carranza|3|2020-10-30
Venustiano Carranza|3|2020-11-01
Venustiano Carranza|3|2020-11-03
Venustiano Carranza|1|2020-11-04
Venustiano Carranza|1|2020-11-05
Venustiano Carranza|4|2020-11-06
Venustiano Carranza|3|2020-11-07
Venustiano Carranza|1|2020-11-08
Venustiano Carranza|2|2020-11-09
Venustiano Carranza|2|2020-11-10
Venustiano Carranza|2|2020-11-11
Venustiano Carranza|1|2020-11-12
Venustiano Carranza|1|2020-11-13
Venustiano Carranza|1|2020-11-14
Venustiano Carranza|1|2020-11-16
Venustiano Carranza|2|2020-11-19
Venustiano Carranza|1|2020-11-20
Venustiano Carranza|1|2020-11-21
Venustiano Carranza|1|2020-11-24
Venustiano Carranza|1|2020-11-25
Venustiano Carranza|2|2020-11-26
Venustiano Carranza|1|2020-11-30
Venustiano Carranza|1|2020-12-01
Venustiano Carranza|1|2020-12-05
Venustiano Carranza|2|2020-12-07
Venustiano Carranza|2|2020-12-10
Venustiano Carranza|1|2020-12-12
Venustiano Carranza|1|2020-12-14
Venustiano Carranza|2|2020-12-16
Venustiano Carranza|2|2020-12-17
Venustiano Carranza|1|2020-12-19
Venustiano Carranza|1|2020-12-20
Venustiano Carranza|1|2020-12-21
Venustiano Carranza|2|2020-12-22
Venustiano Carranza|1|2020-12-23
Venustiano Carranza|1|2020-12-24
Venustiano Carranza|1|2020-12-27
Venustiano Carranza|1|2020-12-28
Venustiano Carranza|1|2020-12-31
Xochimilco|1|2020-01-06
Xochimilco|2|2020-01-07
Xochimilco|1|2020-01-09
Xochimilco|1|2020-01-10
Xochimilco|1|2020-01-11
Xochimilco|1|2020-01-12
Xochimilco|1|2020-01-15
Xochimilco|1|2020-01-17
Xochimilco|2|2020-01-18
Xochimilco|1|2020-01-19
Xochimilco|1|2020-01-20
Xochimilco|2|2020-01-21
Xochimilco|1|2020-01-22
Xochimilco|2|2020-01-29
Xochimilco|1|2020-01-31
Xochimilco|1|2020-02-01
Xochimilco|2|2020-02-07
Xochimilco|1|2020-02-08
Xochimilco|1|2020-02-09
Xochimilco|1|2020-02-17
Xochimilco|2|2020-02-18
Xochimilco|1|2020-02-20
Xochimilco|1|2020-02-22
Xochimilco|1|2020-02-24
Xochimilco|1|2020-02-26
Xochimilco|1|2020-02-29
Xochimilco|1|2020-03-02
Xochimilco|1|2020-03-03
Xochimilco|1|2020-03-06
Xochimilco|1|2020-03-09
Xochimilco|1|2020-03-10
Xochimilco|1|2020-03-12
Xochimilco|1|2020-03-13
Xochimilco|1|2020-03-17
Xochimilco|1|2020-03-19
Xochimilco|1|2020-03-20
Xochimilco|1|2020-03-26
Xochimilco|1|2020-04-02
Xochimilco|1|2020-04-03
Xochimilco|1|2020-04-10
Xochimilco|1|2020-04-12
Xochimilco|1|2020-04-18
Xochimilco|2|2020-04-20
Xochimilco|1|2020-04-26
Xochimilco|1|2020-04-30
Xochimilco|2|2020-05-01
Xochimilco|1|2020-05-11
Xochimilco|1|2020-05-13
Xochimilco|1|2020-05-14
Xochimilco|1|2020-05-25
Xochimilco|1|2020-05-26
Xochimilco|1|2020-05-28
Xochimilco|2|2020-05-30
Xochimilco|1|2020-06-05
Xochimilco|1|2020-06-11
Xochimilco|1|2020-06-15
Xochimilco|1|2020-06-30
Xochimilco|1|2020-07-07
Xochimilco|1|2020-07-15
Xochimilco|1|2020-07-17
Xochimilco|1|2020-07-18
Xochimilco|1|2020-07-19
Xochimilco|1|2020-07-20
Xochimilco|1|2020-07-23
Xochimilco|1|2020-07-24
Xochimilco|2|2020-07-25
Xochimilco|1|2020-07-28
Xochimilco|1|2020-07-29
Xochimilco|1|2020-08-01
Xochimilco|1|2020-08-04
Xochimilco|1|2020-08-05
Xochimilco|1|2020-08-09
Xochimilco|1|2020-08-10
Xochimilco|1|2020-08-13
Xochimilco|2|2020-08-18
Xochimilco|2|2020-08-19
Xochimilco|1|2020-08-27
Xochimilco|2|2020-09-01
Xochimilco|1|2020-09-19
Xochimilco|1|2020-09-29
Xochimilco|1|2020-10-01
Xochimilco|1|2020-10-06
Xochimilco|1|2020-10-09
Xochimilco|1|2020-10-12
Xochimilco|1|2020-10-17
Xochimilco|1|2020-10-29
Xochimilco|1|2020-10-30
Xochimilco|1|2020-11-03
Xochimilco|2|2020-11-04
Xochimilco|1|2020-11-05
Xochimilco|1|2020-11-06
Xochimilco|1|2020-11-08
Xochimilco|1|2020-11-09
Xochimilco|1|2020-11-10
Xochimilco|2|2020-11-11
Xochimilco|1|2020-11-13
Xochimilco|2|2020-11-18
Xochimilco|1|2020-11-19
Xochimilco|1|2020-11-20
Xochimilco|2|2020-11-23
Xochimilco|1|2020-11-25
Xochimilco|1|2020-11-27
Xochimilco|2|2020-11-29
Xochimilco|2|2020-12-04
Xochimilco|1|2020-12-08
Xochimilco|1|2020-12-09
Xochimilco|2|2020-12-16
Xochimilco|1|2020-12-17
Xochimilco|1|2020-12-18
Xochimilco|1|2020-12-23
Xochimilco|1|2020-12-24
